ID,LABEL
0,3
1,2
2,0
3,4
4,2
5,8
6,0
7,2
8,9
9,4
10,5
11,0
12,6
13,9
14,7
15,7
16,5
17,9
18,8
19,9
20,1
21,0
22,6
23,8
24,7
25,3
26,1
27,3
28,6
29,3
30,0
31,7
32,6
33,7
34,6
35,7
36,0
37,1
38,2
39,3
40,3
41,1
42,1
43,6
44,3
45,4
46,6
47,0
48,7
49,9
50,3
51,6
52,1
53,7
54,5
55,6
56,4
57,7
58,3
59,0
60,7
61,7
62,1
63,8
64,7
65,9
66,3
67,2
68,9
69,0
70,7
71,8
72,2
73,2
74,5
75,3
76,0
77,9
78,7
79,7
80,8
81,5
82,0
83,8
84,4
85,2
86,1
87,5
88,2
89,0
90,3
91,2
92,0
93,1
94,7
95,7
96,9
97,5
98,6
99,2
100,9
101,8
102,5
103,8
104,7
105,1
106,3
107,8
108,7
109,3
110,4
111,5
112,1
113,2
114,1
115,2
116,9
117,4
118,3
119,2
120,8
121,1
122,1
123,3
124,6
125,4
126,9
127,7
128,7
129,9
130,6
131,0
132,5
133,5
134,3
135,1
136,8
137,4
138,0
139,8
140,6
141,3
142,0
143,3
144,3
145,3
146,7
147,7
148,2
149,1
150,4
151,6
152,9
153,1
154,9
155,8
156,9
157,5
158,1
159,8
160,5
161,0
162,8
163,3
164,0
165,1
166,8
167,9
168,2
169,9
170,3
171,0
172,8
173,9
174,1
175,7
176,7
177,0
178,9
179,0
180,6
181,7
182,3
183,5
184,3
185,7
186,8
187,9
188,7
189,3
190,1
191,5
192,4
193,8
194,2
195,3
196,5
197,1
198,4
199,0
200,0
201,4
202,3
203,6
204,4
205,9
206,9
207,9
208,4
209,3
210,8
211,2
212,7
213,0
214,0
215,7
216,2
217,5
218,2
219,2
220,9
221,1
222,4
223,1
224,5
225,5
226,8
227,5
228,9
229,1
230,4
231,8
232,7
233,5
234,5
235,0
236,4
237,9
238,6
239,3
240,3
241,7
242,0
243,0
244,0
245,0
246,6
247,8
248,7
249,8
250,2
251,9
252,7
253,5
254,1
255,8
256,2
257,1
258,3
259,7
260,8
261,0
262,3
263,6
264,9
265,4
266,8
267,9
268,1
269,2
270,0
271,8
272,5
273,7
274,9
275,6
276,3
277,4
278,7
279,9
280,2
281,4
282,4
283,8
284,0
285,9
286,3
287,2
288,9
289,7
290,4
291,2
292,7
293,2
294,9
295,9
296,9
297,4
298,9
299,8
300,3
301,3
302,5
303,2
304,5
305,7
306,7
307,9
308,8
309,8
310,5
311,4
312,8
313,7
314,9
315,9
316,5
317,8
318,4
319,8
320,8
321,6
322,7
323,5
324,0
325,1
326,7
327,2
328,9
329,3
330,0
331,9
332,9
333,3
334,4
335,3
336,5
337,2
338,5
339,8
340,5
341,2
342,3
343,5
344,8
345,4
346,3
347,6
348,9
349,1
350,9
351,9
352,8
353,5
354,7
355,7
356,2
357,9
358,4
359,4
360,8
361,2
362,2
363,1
364,4
365,1
366,9
367,2
368,7
369,6
370,5
371,4
372,9
373,0
374,5
375,9
376,2
377,4
378,7
379,5
380,1
381,1
382,5
383,9
384,4
385,9
386,8
387,3
388,4
389,4
390,8
391,6
392,9
393,4
394,3
395,3
396,1
397,0
398,7
399,3
400,7
401,3
402,4
403,6
404,1
405,3
406,7
407,2
408,3
409,1
410,5
411,5
412,9
413,2
414,4
415,0
416,2
417,8
418,2
419,8
420,3
421,2
422,6
423,1
424,4
425,6
426,2
427,8
428,9
429,3
430,0
431,9
432,8
433,3
434,9
435,5
436,8
437,0
438,9
439,0
440,2
441,9
442,4
443,8
444,9
445,3
446,9
447,9
448,3
449,8
450,1
451,1
452,4
453,9
454,2
455,6
456,1
457,8
458,9
459,9
460,2
461,4
462,2
463,5
464,2
465,4
466,4
467,5
468,0
469,8
470,3
471,6
472,3
473,9
474,3
475,3
476,9
477,8
478,3
479,3
480,8
481,5
482,8
483,6
484,5
485,7
486,5
487,4
488,9
489,3
490,5
491,4
492,2
493,9
494,5
495,3
496,9
497,4
498,3
499,8
500,8
501,4
502,6
503,0
504,9
505,5
506,7
507,3
508,4
509,8
510,9
511,2
512,7
513,4
514,9
515,9
516,7
517,6
518,9
519,3
520,1
521,6
522,0
523,7
524,2
525,5
526,9
527,4
528,3
529,5
530,7
531,7
532,2
533,5
534,9
535,7
536,2
537,7
538,2
539,1
540,9
541,9
542,1
543,3
544,7
545,1
546,2
547,9
548,6
549,1
550,7
551,0
552,7
553,9
554,2
555,8
556,2
557,5
558,9
559,1
560,8
561,3
562,1
563,3
564,7
565,6
566,9
567,3
568,7
569,0
570,8
571,6
572,6
573,6
574,0
575,9
576,2
577,1
578,0
579,1
580,7
581,6
582,5
583,7
584,1
585,4
586,4
587,4
588,0
589,4
590,3
591,4
592,3
593,2
594,6
595,7
596,1
597,0
598,9
599,5
600,0
601,9
602,6
603,4
604,6
605,7
606,0
607,7
608,3
609,8
610,3
611,8
612,7
613,1
614,8
615,4
616,5
617,1
618,4
619,8
620,3
621,6
622,0
623,6
624,9
625,9
626,2
627,0
628,2
629,8
630,8
631,4
632,5
633,2
634,7
635,8
636,7
637,3
638,2
639,1
640,8
641,5
642,6
643,4
644,5
645,4
646,2
647,9
648,6
649,3
650,6
651,8
652,1
653,3
654,3
655,8
656,5
657,9
658,4
659,1
660,4
661,3
662,4
663,8
664,0
665,1
666,1
667,3
668,6
669,8
670,9
671,5
672,8
673,5
674,6
675,5
676,1
677,4
678,6
679,2
680,8
681,3
682,3
683,9
684,2
685,7
686,0
687,4
688,8
689,0
690,4
691,2
692,2
693,6
694,8
695,7
696,6
697,7
698,4
699,4
700,2
701,8
702,4
703,9
704,5
705,3
706,7
707,9
708,7
709,6
710,3
711,2
712,5
713,0
714,9
715,0
716,0
717,5
718,1
719,5
720,9
721,6
722,8
723,4
724,8
725,5
726,7
727,9
728,4
729,3
730,1
731,3
732,5
733,3
734,3
735,9
736,8
737,6
738,5
739,8
740,2
741,6
742,9
743,9
744,1
745,9
746,7
747,5
748,1
749,4
750,0
751,9
752,0
753,5
754,2
755,4
756,2
757,7
758,8
759,3
760,8
761,8
762,9
763,3
764,7
765,8
766,2
767,3
768,7
769,9
770,9
771,9
772,5
773,3
774,9
775,9
776,0
777,7
778,7
779,9
780,9
781,3
782,2
783,3
784,2
785,9
786,1
787,4
788,8
789,4
790,4
791,1
792,7
793,6
794,0
795,8
796,8
797,0
798,9
799,3
800,1
801,4
802,3
803,5
804,0
805,4
806,9
807,6
808,1
809,2
810,9
811,0
812,9
813,9
814,3
815,8
816,8
817,1
818,8
819,2
820,4
821,4
822,9
823,2
824,6
825,6
826,7
827,2
828,8
829,2
830,5
831,0
832,1
833,9
834,9
835,0
836,9
837,9
838,6
839,2
840,4
841,1
842,6
843,9
844,2
845,9
846,1
847,6
848,8
849,8
850,2
851,3
852,8
853,2
854,0
855,7
856,5
857,4
858,1
859,1
860,1
861,1
862,0
863,1
864,9
865,9
866,6
867,8
868,5
869,4
870,9
871,3
872,1
873,2
874,1
875,7
876,9
877,2
878,3
879,8
880,8
881,9
882,8
883,0
884,0
885,9
886,3
887,1
888,9
889,4
890,3
891,8
892,4
893,4
894,5
895,8
896,9
897,3
898,7
899,0
900,9
901,2
902,4
903,8
904,5
905,8
906,2
907,6
908,4
909,9
910,3
911,5
912,3
913,8
914,9
915,0
916,2
917,9
918,6
919,6
920,8
921,3
922,8
923,3
924,0
925,7
926,9
927,4
928,9
929,8
930,3
931,9
932,9
933,9
934,8
935,0
936,0
937,9
938,5
939,4
940,6
941,2
942,0
943,1
944,6
945,3
946,3
947,6
948,8
949,6
950,0
951,8
952,0
953,6
954,3
955,4
956,8
957,2
958,2
959,3
960,9
961,6
962,7
963,3
964,7
965,0
966,2
967,2
968,5
969,0
970,9
971,8
972,0
973,7
974,9
975,7
976,2
977,2
978,9
979,2
980,4
981,5
982,3
983,4
984,7
985,4
986,4
987,2
988,2
989,9
990,1
991,8
992,7
993,9
994,4
995,7
996,5
997,3
998,2
999,1
1000,3
1001,2
1002,8
1003,8
1004,7
1005,9
1006,3
1007,5
1008,7
1009,4
1010,4
1011,9
1012,1
1013,7
1014,9
1015,8
1016,7
1017,9
1018,8
1019,9
1020,7
1021,8
1022,3
1023,4
1024,3
1025,0
1026,7
1027,7
1028,9
1029,9
1030,6
1031,1
1032,5
1033,1
1034,7
1035,9
1036,1
1037,4
1038,2
1039,4
1040,1
1041,0
1042,9
1043,6
1044,0
1045,3
1046,5
1047,1
1048,4
1049,1
1050,7
1051,4
1052,7
1053,9
1054,2
1055,5
1056,9
1057,5
1058,0
1059,8
1060,9
1061,7
1062,3
1063,8
1064,8
1065,6
1066,8
1067,1
1068,4
1069,7
1070,8
1071,3
1072,5
1073,0
1074,4
1075,8
1076,6
1077,6
1078,4
1079,1
1080,3
1081,9
1082,1
1083,0
1084,9
1085,3
1086,6
1087,4
1088,3
1089,2
1090,2
1091,9
1092,9
1093,7
1094,4
1095,1
1096,2
1097,3
1098,6
1099,1
1100,0
1101,9
1102,6
1103,1
1104,3
1105,1
1106,3
1107,5
1108,0
1109,1
1110,5
1111,8
1112,1
1113,5
1114,8
1115,6
1116,1
1117,2
1118,9
1119,5
1120,9
1121,2
1122,0
1123,4
1124,9
1125,2
1126,0
1127,3
1128,3
1129,7
1130,2
1131,5
1132,9
1133,6
1134,5
1135,6
1136,5
1137,9
1138,9
1139,9
1140,2
1141,2
1142,3
1143,9
1144,2
1145,8
1146,4
1147,2
1148,5
1149,4
1150,6
1151,8
1152,8
1153,5
1154,1
1155,1
1156,3
1157,2
1158,8
1159,9
1160,7
1161,3
1162,3
1163,1
1164,3
1165,9
1166,7
1167,8
1168,0
1169,5
1170,7
1171,7
1172,3
1173,6
1174,1
1175,2
1176,2
1177,7
1178,2
1179,5
1180,0
1181,6
1182,8
1183,0
1184,9
1185,4
1186,5
1187,9
1188,4
1189,9
1190,8
1191,5
1192,1
1193,8
1194,5
1195,7
1196,8
1197,9
1198,2
1199,7
1200,7
1201,0
1202,5
1203,5
1204,5
1205,2
1206,7
1207,4
1208,8
1209,5
1210,1
1211,5
1212,6
1213,8
1214,1
1215,0
1216,4
1217,3
1218,5
1219,8
1220,9
1221,4
1222,9
1223,3
1224,6
1225,1
1226,9
1227,5
1228,9
1229,4
1230,7
1231,7
1232,7
1233,5
1234,8
1235,4
1236,9
1237,5
1238,3
1239,3
1240,0
1241,2
1242,2
1243,9
1244,8
1245,7
1246,9
1247,7
1248,8
1249,0
1250,3
1251,6
1252,9
1253,9
1254,2
1255,6
1256,8
1257,2
1258,9
1259,4
1260,6
1261,3
1262,0
1263,7
1264,2
1265,9
1266,0
1267,3
1268,8
1269,2
1270,2
1271,8
1272,1
1273,5
1274,8
1275,2
1276,5
1277,9
1278,9
1279,4
1280,3
1281,9
1282,5
1283,9
1284,5
1285,2
1286,6
1287,0
1288,5
1289,3
1290,6
1291,4
1292,0
1293,7
1294,0
1295,8
1296,1
1297,2
1298,3
1299,0
1300,2
1301,4
1302,4
1303,9
1304,4
1305,0
1306,2
1307,9
1308,1
1309,6
1310,9
1311,9
1312,4
1313,9
1314,9
1315,6
1316,5
1317,8
1318,6
1319,8
1320,7
1321,2
1322,3
1323,2
1324,8
1325,3
1326,8
1327,4
1328,1
1329,5
1330,6
1331,8
1332,5
1333,9
1334,9
1335,9
1336,3
1337,7
1338,6
1339,9
1340,6
1341,8
1342,5
1343,7
1344,7
1345,9
1346,8
1347,7
1348,3
1349,7
1350,0
1351,1
1352,1
1353,2
1354,9
1355,3
1356,9
1357,7
1358,1
1359,3
1360,9
1361,9
1362,3
1363,6
1364,1
1365,5
1366,9
1367,4
1368,1
1369,3
1370,7
1371,3
1372,8
1373,9
1374,4
1375,8
1376,9
1377,1
1378,2
1379,4
1380,8
1381,8
1382,5
1383,9
1384,3
1385,7
1386,2
1387,4
1388,2
1389,5
1390,5
1391,8
1392,1
1393,8
1394,4
1395,3
1396,5
1397,6
1398,5
1399,7
1400,9
1401,1
1402,9
1403,8
1404,1
1405,8
1406,1
1407,1
1408,9
1409,0
1410,4
1411,4
1412,3
1413,8
1414,4
1415,5
1416,8
1417,6
1418,4
1419,1
1420,6
1421,9
1422,7
1423,7
1424,8
1425,9
1426,8
1427,2
1428,7
1429,7
1430,2
1431,2
1432,5
1433,4
1434,7
1435,2
1436,7
1437,5
1438,9
1439,3
1440,8
1441,2
1442,3
1443,5
1444,3
1445,7
1446,5
1447,2
1448,2
1449,7
1450,5
1451,3
1452,3
1453,3
1454,8
1455,4
1456,2
1457,3
1458,1
1459,1
1460,9
1461,4
1462,5
1463,9
1464,5
1465,0
1466,2
1467,4
1468,6
1469,3
1470,4
1471,2
1472,2
1473,1
1474,6
1475,0
1476,8
1477,1
1478,3
1479,4
1480,8
1481,8
1482,4
1483,2
1484,7
1485,0
1486,0
1487,8
1488,6
1489,9
1490,3
1491,1
1492,4
1493,9
1494,7
1495,5
1496,4
1497,3
1498,7
1499,1
1500,1
1501,8
1502,4
1503,6
1504,8
1505,1
1506,0
1507,4
1508,6
1509,9
1510,1
1511,9
1512,1
1513,7
1514,0
1515,7
1516,7
1517,2
1518,0
1519,5
1520,2
1521,6
1522,2
1523,8
1524,1
1525,2
1526,6
1527,4
1528,1
1529,3
1530,4
1531,4
1532,5
1533,4
1534,8
1535,4
1536,2
1537,5
1538,5
1539,9
1540,2
1541,4
1542,6
1543,0
1544,8
1545,8
1546,8
1547,2
1548,8
1549,7
1550,8
1551,7
1552,5
1553,7
1554,9
1555,1
1556,4
1557,7
1558,3
1559,2
1560,0
1561,7
1562,6
1563,6
1564,2
1565,0
1566,5
1567,0
1568,8
1569,6
1570,8
1571,2
1572,9
1573,1
1574,6
1575,4
1576,2
1577,5
1578,7
1579,0
1580,1
1581,7
1582,5
1583,3
1584,8
1585,9
1586,3
1587,5
1588,2
1589,7
1590,8
1591,7
1592,8
1593,3
1594,9
1595,0
1596,3
1597,4
1598,2
1599,1
1600,1
1601,7
1602,6
1603,0
1604,6
1605,8
1606,2
1607,5
1608,2
1609,4
1610,7
1611,6
1612,2
1613,5
1614,0
1615,9
1616,7
1617,9
1618,2
1619,0
1620,3
1621,2
1622,6
1623,9
1624,5
1625,1
1626,6
1627,0
1628,4
1629,8
1630,4
1631,5
1632,2
1633,6
1634,8
1635,0
1636,0
1637,3
1638,3
1639,3
1640,5
1641,2
1642,7
1643,9
1644,3
1645,0
1646,7
1647,0
1648,2
1649,9
1650,2
1651,8
1652,1
1653,3
1654,3
1655,0
1656,8
1657,4
1658,5
1659,4
1660,3
1661,5
1662,3
1663,0
1664,3
1665,6
1666,3
1667,5
1668,9
1669,2
1670,9
1671,1
1672,2
1673,5
1674,9
1675,7
1676,9
1677,4
1678,2
1679,4
1680,3
1681,9
1682,0
1683,5
1684,4
1685,6
1686,9
1687,4
1688,4
1689,0
1690,9
1691,0
1692,3
1693,1
1694,2
1695,1
1696,5
1697,8
1698,3
1699,5
1700,6
1701,3
1702,6
1703,5
1704,9
1705,4
1706,2
1707,4
1708,9
1709,2
1710,8
1711,9
1712,6
1713,9
1714,0
1715,0
1716,9
1717,8
1718,9
1719,8
1720,0
1721,7
1722,2
1723,0
1724,9
1725,8
1726,5
1727,6
1728,6
1729,4
1730,5
1731,8
1732,9
1733,1
1734,7
1735,0
1736,9
1737,8
1738,6
1739,4
1740,1
1741,4
1742,5
1743,5
1744,3
1745,5
1746,9
1747,7
1748,9
1749,3
1750,7
1751,5
1752,6
1753,4
1754,3
1755,4
1756,2
1757,0
1758,4
1759,5
1760,0
1761,3
1762,7
1763,3
1764,7
1765,1
1766,7
1767,0
1768,2
1769,7
1770,7
1771,7
1772,2
1773,3
1774,7
1775,6
1776,0
1777,4
1778,7
1779,0
1780,2
1781,7
1782,5
1783,1
1784,3
1785,2
1786,4
1787,8
1788,6
1789,1
1790,0
1791,5
1792,2
1793,8
1794,2
1795,9
1796,5
1797,3
1798,7
1799,9
1800,9
1801,2
1802,9
1803,9
1804,3
1805,9
1806,2
1807,0
1808,0
1809,7
1810,4
1811,0
1812,9
1813,5
1814,7
1815,3
1816,2
1817,7
1818,3
1819,8
1820,8
1821,9
1822,5
1823,9
1824,2
1825,4
1826,2
1827,3
1828,5
1829,3
1830,5
1831,4
1832,9
1833,8
1834,9
1835,3
1836,6
1837,1
1838,5
1839,1
1840,5
1841,7
1842,2
1843,2
1844,4
1845,2
1846,9
1847,7
1848,8
1849,5
1850,1
1851,4
1852,0
1853,1
1854,4
1855,4
1856,4
1857,2
1858,8
1859,5
1860,1
1861,6
1862,0
1863,9
1864,0
1865,8
1866,5
1867,8
1868,1
1869,4
1870,2
1871,0
1872,2
1873,4
1874,6
1875,6
1876,3
1877,8
1878,6
1879,7
1880,7
1881,1
1882,8
1883,4
1884,1
1885,3
1886,8
1887,7
1888,8
1889,0
1890,8
1891,4
1892,5
1893,7
1894,3
1895,6
1896,7
1897,3
1898,5
1899,2
1900,9
1901,5
1902,3
1903,0
1904,8
1905,3
1906,3
1907,0
1908,8
1909,5
1910,9
1911,7
1912,4
1913,6
1914,8
1915,2
1916,9
1917,1
1918,9
1919,7
1920,8
1921,3
1922,9
1923,8
1924,3
1925,2
1926,0
1927,7
1928,4
1929,6
1930,0
1931,8
1932,8
1933,4
1934,3
1935,4
1936,4
1937,1
1938,6
1939,6
1940,1
1941,8
1942,4
1943,8
1944,3
1945,7
1946,6
1947,2
1948,6
1949,6
1950,2
1951,3
1952,9
1953,9
1954,8
1955,3
1956,4
1957,1
1958,6
1959,7
1960,9
1961,4
1962,3
1963,8
1964,5
1965,0
1966,8
1967,5
1968,2
1969,9
1970,8
1971,1
1972,7
1973,0
1974,1
1975,2
1976,9
1977,4
1978,0
1979,0
1980,1
1981,9
1982,1
1983,3
1984,9
1985,5
1986,2
1987,8
1988,0
1989,5
1990,1
1991,5
1992,9
1993,1
1994,6
1995,2
1996,3
1997,8
1998,5
1999,4
2000,9
2001,9
2002,0
2003,7
2004,1
2005,9
2006,3
2007,4
2008,0
2009,3
2010,0
2011,3
2012,9
2013,4
2014,9
2015,0
2016,5
2017,7
2018,3
2019,3
2020,9
2021,6
2022,2
2023,5
2024,2
2025,9
2026,9
2027,9
2028,2
2029,6
2030,7
2031,1
2032,6
2033,2
2034,1
2035,6
2036,7
2037,3
2038,4
2039,1
2040,7
2041,4
2042,9
2043,1
2044,4
2045,8
2046,8
2047,4
2048,4
2049,9
2050,9
2051,4
2052,6
2053,9
2054,8
2055,5
2056,8
2057,0
2058,8
2059,3
2060,3
2061,4
2062,3
2063,8
2064,8
2065,8
2066,2
2067,2
2068,1
2069,0
2070,4
2071,5
2072,2
2073,5
2074,8
2075,0
2076,8
2077,1
2078,6
2079,4
2080,7
2081,1
2082,5
2083,2
2084,2
2085,7
2086,7
2087,9
2088,2
2089,8
2090,0
2091,8
2092,9
2093,2
2094,7
2095,9
2096,1
2097,8
2098,8
2099,8
2100,9
2101,1
2102,4
2103,2
2104,9
2105,1
2106,7
2107,0
2108,9
2109,6
2110,2
2111,1
2112,5
2113,2
2114,1
2115,6
2116,3
2117,1
2118,3
2119,8
2120,8
2121,0
2122,9
2123,7
2124,1
2125,4
2126,6
2127,9
2128,2
2129,7
2130,6
2131,3
2132,8
2133,7
2134,1
2135,3
2136,4
2137,6
2138,4
2139,8
2140,5
2141,9
2142,6
2143,4
2144,7
2145,6
2146,7
2147,5
2148,4
2149,2
2150,7
2151,8
2152,2
2153,4
2154,9
2155,7
2156,8
2157,4
2158,0
2159,9
2160,1
2161,4
2162,3
2163,8
2164,2
2165,4
2166,6
2167,0
2168,3
2169,7
2170,9
2171,3
2172,5
2173,7
2174,5
2175,3
2176,4
2177,9
2178,1
2179,0
2180,1
2181,3
2182,2
2183,9
2184,1
2185,4
2186,8
2187,4
2188,9
2189,9
2190,0
2191,8
2192,5
2193,5
2194,1
2195,2
2196,6
2197,1
2198,7
2199,6
2200,6
2201,1
2202,9
2203,1
2204,8
2205,2
2206,9
2207,7
2208,0
2209,4
2210,7
2211,9
2212,3
2213,9
2214,5
2215,5
2216,8
2217,2
2218,7
2219,8
2220,2
2221,8
2222,2
2223,4
2224,0
2225,0
2226,9
2227,8
2228,9
2229,6
2230,0
2231,4
2232,2
2233,7
2234,2
2235,9
2236,6
2237,7
2238,0
2239,7
2240,1
2241,6
2242,9
2243,6
2244,0
2245,8
2246,6
2247,6
2248,5
2249,9
2250,3
2251,9
2252,3
2253,5
2254,1
2255,3
2256,3
2257,6
2258,3
2259,9
2260,4
2261,9
2262,2
2263,1
2264,3
2265,3
2266,9
2267,5
2268,5
2269,9
2270,3
2271,5
2272,6
2273,7
2274,3
2275,4
2276,0
2277,7
2278,5
2279,4
2280,3
2281,0
2282,8
2283,9
2284,5
2285,9
2286,3
2287,5
2288,8
2289,3
2290,8
2291,9
2292,7
2293,7
2294,8
2295,9
2296,7
2297,3
2298,5
2299,0
2300,0
2301,9
2302,7
2303,9
2304,8
2305,4
2306,8
2307,5
2308,9
2309,6
2310,0
2311,1
2312,3
2313,4
2314,2
2315,5
2316,2
2317,4
2318,9
2319,4
2320,0
2321,5
2322,6
2323,5
2324,3
2325,4
2326,0
2327,0
2328,5
2329,1
2330,8
2331,9
2332,0
2333,3
2334,2
2335,2
2336,0
2337,8
2338,2
2339,7
2340,4
2341,4
2342,2
2343,7
2344,5
2345,1
2346,3
2347,8
2348,5
2349,6
2350,6
2351,0
2352,1
2353,1
2354,5
2355,3
2356,1
2357,7
2358,9
2359,8
2360,9
2361,5
2362,9
2363,9
2364,3
2365,7
2366,2
2367,9
2368,9
2369,4
2370,9
2371,1
2372,3
2373,4
2374,7
2375,6
2376,0
2377,9
2378,2
2379,9
2380,1
2381,1
2382,4
2383,5
2384,9
2385,1
2386,9
2387,2
2388,2
2389,2
2390,2
2391,2
2392,9
2393,7
2394,5
2395,9
2396,6
2397,6
2398,7
2399,7
2400,2
2401,6
2402,2
2403,2
2404,2
2405,3
2406,1
2407,4
2408,4
2409,1
2410,7
2411,3
2412,4
2413,6
2414,1
2415,1
2416,8
2417,1
2418,2
2419,5
2420,2
2421,9
2422,4
2423,5
2424,6
2425,8
2426,7
2427,1
2428,8
2429,3
2430,6
2431,4
2432,4
2433,6
2434,5
2435,0
2436,8
2437,8
2438,5
2439,8
2440,9
2441,6
2442,9
2443,2
2444,3
2445,6
2446,3
2447,3
2448,4
2449,3
2450,7
2451,8
2452,6
2453,2
2454,9
2455,4
2456,5
2457,5
2458,7
2459,3
2460,6
2461,6
2462,6
2463,7
2464,8
2465,9
2466,3
2467,5
2468,2
2469,3
2470,0
2471,3
2472,4
2473,2
2474,7
2475,6
2476,7
2477,6
2478,4
2479,8
2480,3
2481,9
2482,2
2483,7
2484,7
2485,3
2486,1
2487,5
2488,1
2489,8
2490,3
2491,8
2492,7
2493,4
2494,5
2495,1
2496,7
2497,1
2498,5
2499,0
2500,5
2501,7
2502,9
2503,6
2504,8
2505,6
2506,1
2507,3
2508,5
2509,4
2510,9
2511,8
2512,5
2513,7
2514,0
2515,5
2516,2
2517,7
2518,9
2519,9
2520,7
2521,9
2522,3
2523,1
2524,5
2525,6
2526,9
2527,6
2528,9
2529,8
2530,3
2531,8
2532,6
2533,7
2534,0
2535,4
2536,3
2537,3
2538,8
2539,2
2540,6
2541,6
2542,9
2543,3
2544,5
2545,7
2546,9
2547,5
2548,9
2549,3
2550,5
2551,5
2552,4
2553,2
2554,7
2555,0
2556,5
2557,7
2558,8
2559,3
2560,3
2561,0
2562,7
2563,6
2564,0
2565,2
2566,8
2567,0
2568,0
2569,6
2570,0
2571,5
2572,0
2573,5
2574,2
2575,7
2576,4
2577,0
2578,9
2579,1
2580,3
2581,6
2582,8
2583,3
2584,6
2585,1
2586,0
2587,1
2588,9
2589,9
2590,3
2591,9
2592,5
2593,9
2594,2
2595,9
2596,0
2597,9
2598,7
2599,2
2600,1
2601,6
2602,9
2603,1
2604,0
2605,9
2606,9
2607,7
2608,2
2609,1
2610,2
2611,7
2612,1
2613,2
2614,1
2615,4
2616,3
2617,2
2618,8
2619,9
2620,2
2621,5
2622,9
2623,5
2624,4
2625,1
2626,0
2627,8
2628,3
2629,5
2630,9
2631,7
2632,7
2633,5
2634,0
2635,1
2636,4
2637,6
2638,7
2639,2
2640,4
2641,1
2642,6
2643,4
2644,2
2645,0
2646,1
2647,3
2648,0
2649,4
2650,5
2651,8
2652,8
2653,7
2654,6
2655,6
2656,7
2657,0
2658,9
2659,7
2660,6
2661,8
2662,9
2663,9
2664,0
2665,8
2666,5
2667,8
2668,3
2669,4
2670,5
2671,5
2672,8
2673,5
2674,0
2675,8
2676,0
2677,8
2678,0
2679,2
2680,7
2681,5
2682,7
2683,0
2684,0
2685,3
2686,1
2687,8
2688,2
2689,9
2690,9
2691,8
2692,3
2693,5
2694,5
2695,2
2696,8
2697,2
2698,1
2699,5
2700,5
2701,0
2702,0
2703,3
2704,5
2705,5
2706,9
2707,3
2708,0
2709,3
2710,0
2711,5
2712,1
2713,5
2714,4
2715,2
2716,3
2717,8
2718,2
2719,5
2720,4
2721,8
2722,7
2723,4
2724,2
2725,6
2726,7
2727,0
2728,9
2729,9
2730,5
2731,0
2732,5
2733,7
2734,6
2735,0
2736,2
2737,7
2738,9
2739,8
2740,4
2741,4
2742,5
2743,4
2744,4
2745,9
2746,4
2747,4
2748,6
2749,7
2750,2
2751,9
2752,2
2753,2
2754,9
2755,7
2756,2
2757,4
2758,0
2759,5
2760,8
2761,1
2762,2
2763,3
2764,6
2765,7
2766,9
2767,4
2768,0
2769,1
2770,0
2771,3
2772,5
2773,3
2774,7
2775,1
2776,4
2777,5
2778,8
2779,2
2780,0
2781,2
2782,0
2783,6
2784,2
2785,2
2786,4
2787,9
2788,2
2789,3
2790,6
2791,6
2792,6
2793,4
2794,9
2795,9
2796,7
2797,3
2798,9
2799,9
2800,0
2801,1
2802,5
2803,3
2804,2
2805,9
2806,6
2807,0
2808,7
2809,7
2810,9
2811,9
2812,7
2813,4
2814,3
2815,4
2816,2
2817,7
2818,9
2819,1
2820,1
2821,6
2822,6
2823,5
2824,8
2825,1
2826,6
2827,4
2828,7
2829,2
2830,0
2831,2
2832,9
2833,1
2834,2
2835,5
2836,3
2837,5
2838,9
2839,9
2840,4
2841,9
2842,9
2843,0
2844,1
2845,7
2846,7
2847,9
2848,8
2849,7
2850,2
2851,9
2852,2
2853,9
2854,4
2855,4
2856,4
2857,0
2858,1
2859,8
2860,8
2861,7
2862,5
2863,9
2864,3
2865,6
2866,9
2867,3
2868,2
2869,5
2870,9
2871,9
2872,1
2873,2
2874,0
2875,6
2876,9
2877,9
2878,9
2879,6
2880,4
2881,9
2882,6
2883,8
2884,5
2885,4
2886,8
2887,1
2888,6
2889,7
2890,4
2891,9
2892,1
2893,2
2894,3
2895,7
2896,9
2897,1
2898,1
2899,3
2900,5
2901,5
2902,2
2903,1
2904,9
2905,7
2906,2
2907,4
2908,9
2909,7
2910,3
2911,0
2912,7
2913,3
2914,8
2915,9
2916,9
2917,8
2918,7
2919,7
2920,9
2921,9
2922,5
2923,5
2924,9
2925,3
2926,9
2927,9
2928,6
2929,1
2930,7
2931,6
2932,1
2933,6
2934,9
2935,0
2936,2
2937,7
2938,7
2939,4
2940,7
2941,9
2942,6
2943,1
2944,7
2945,4
2946,5
2947,7
2948,6
2949,2
2950,4
2951,9
2952,8
2953,8
2954,3
2955,2
2956,5
2957,5
2958,7
2959,3
2960,1
2961,8
2962,3
2963,9
2964,6
2965,1
2966,8
2967,2
2968,5
2969,7
2970,5
2971,9
2972,1
2973,8
2974,2
2975,9
2976,0
2977,3
2978,1
2979,3
2980,9
2981,0
2982,1
2983,7
2984,9
2985,6
2986,1
2987,9
2988,7
2989,1
2990,0
2991,9
2992,2
2993,0
2994,8
2995,3
2996,1
2997,9
2998,9
2999,0
3000,0
3001,1
3002,7
3003,4
3004,9
3005,0
3006,3
3007,6
3008,2
3009,3
3010,1
3011,9
3012,6
3013,3
3014,3
3015,1
3016,2
3017,9
3018,8
3019,2
3020,2
3021,8
3022,9
3023,5
3024,6
3025,0
3026,1
3027,8
3028,6
3029,9
3030,6
3031,1
3032,0
3033,8
3034,3
3035,4
3036,4
3037,8
3038,9
3039,4
3040,3
3041,5
3042,4
3043,8
3044,8
3045,1
3046,6
3047,9
3048,1
3049,2
3050,4
3051,9
3052,7
3053,7
3054,5
3055,7
3056,5
3057,2
3058,1
3059,1
3060,7
3061,9
3062,6
3063,1
3064,1
3065,2
3066,6
3067,2
3068,1
3069,7
3070,8
3071,4
3072,6
3073,2
3074,7
3075,9
3076,2
3077,9
3078,4
3079,9
3080,7
3081,4
3082,7
3083,4
3084,0
3085,6
3086,9
3087,3
3088,3
3089,6
3090,4
3091,6
3092,5
3093,4
3094,0
3095,4
3096,2
3097,7
3098,9
3099,8
3100,0
3101,7
3102,5
3103,9
3104,8
3105,8
3106,1
3107,1
3108,9
3109,3
3110,6
3111,2
3112,9
3113,8
3114,2
3115,0
3116,8
3117,4
3118,2
3119,7
3120,6
3121,1
3122,6
3123,5
3124,1
3125,9
3126,9
3127,9
3128,3
3129,7
3130,6
3131,4
3132,2
3133,8
3134,3
3135,2
3136,2
3137,6
3138,6
3139,1
3140,0
3141,7
3142,4
3143,5
3144,5
3145,5
3146,8
3147,7
3148,4
3149,2
3150,9
3151,8
3152,1
3153,3
3154,2
3155,7
3156,9
3157,2
3158,1
3159,3
3160,3
3161,7
3162,4
3163,9
3164,1
3165,0
3166,7
3167,3
3168,9
3169,1
3170,9
3171,9
3172,0
3173,8
3174,2
3175,6
3176,4
3177,2
3178,7
3179,0
3180,5
3181,9
3182,3
3183,7
3184,9
3185,9
3186,6
3187,2
3188,3
3189,5
3190,2
3191,1
3192,9
3193,8
3194,7
3195,3
3196,8
3197,4
3198,6
3199,0
3200,4
3201,7
3202,2
3203,9
3204,2
3205,9
3206,5
3207,7
3208,8
3209,9
3210,7
3211,8
3212,7
3213,8
3214,9
3215,7
3216,5
3217,7
3218,8
3219,8
3220,6
3221,5
3222,9
3223,8
3224,9
3225,9
3226,2
3227,1
3228,2
3229,2
3230,9
3231,1
3232,0
3233,9
3234,7
3235,8
3236,3
3237,6
3238,1
3239,2
3240,7
3241,3
3242,5
3243,9
3244,6
3245,5
3246,3
3247,4
3248,5
3249,0
3250,2
3251,8
3252,2
3253,3
3254,4
3255,8
3256,1
3257,9
3258,4
3259,3
3260,4
3261,8
3262,9
3263,9
3264,0
3265,8
3266,9
3267,9
3268,4
3269,7
3270,3
3271,2
3272,4
3273,4
3274,9
3275,4
3276,0
3277,0
3278,7
3279,0
3280,5
3281,9
3282,8
3283,1
3284,7
3285,9
3286,3
3287,0
3288,3
3289,8
3290,3
3291,8
3292,2
3293,6
3294,0
3295,3
3296,0
3297,8
3298,5
3299,7
3300,9
3301,1
3302,9
3303,5
3304,0
3305,8
3306,1
3307,9
3308,5
3309,7
3310,4
3311,3
3312,6
3313,0
3314,4
3315,0
3316,4
3317,7
3318,2
3319,2
3320,0
3321,7
3322,9
3323,6
3324,3
3325,4
3326,9
3327,9
3328,5
3329,9
3330,3
3331,9
3332,8
3333,2
3334,4
3335,0
3336,0
3337,9
3338,4
3339,9
3340,1
3341,0
3342,9
3343,4
3344,0
3345,5
3346,2
3347,1
3348,8
3349,4
3350,2
3351,8
3352,4
3353,1
3354,5
3355,4
3356,1
3357,7
3358,3
3359,2
3360,0
3361,6
3362,5
3363,6
3364,0
3365,9
3366,8
3367,5
3368,6
3369,6
3370,2
3371,6
3372,1
3373,9
3374,4
3375,9
3376,2
3377,7
3378,3
3379,8
3380,1
3381,5
3382,2
3383,1
3384,7
3385,7
3386,4
3387,0
3388,1
3389,3
3390,0
3391,4
3392,7
3393,4
3394,2
3395,1
3396,9
3397,2
3398,7
3399,6
3400,8
3401,5
3402,2
3403,1
3404,0
3405,9
3406,8
3407,6
3408,7
3409,8
3410,7
3411,3
3412,2
3413,9
3414,0
3415,7
3416,8
3417,5
3418,8
3419,9
3420,0
3421,4
3422,6
3423,8
3424,7
3425,1
3426,9
3427,3
3428,5
3429,4
3430,3
3431,3
3432,6
3433,0
3434,2
3435,4
3436,5
3437,7
3438,3
3439,8
3440,7
3441,2
3442,7
3443,2
3444,7
3445,9
3446,5
3447,5
3448,1
3449,5
3450,7
3451,9
3452,3
3453,3
3454,1
3455,6
3456,5
3457,6
3458,5
3459,3
3460,2
3461,7
3462,9
3463,5
3464,7
3465,0
3466,8
3467,4
3468,2
3469,7
3470,9
3471,7
3472,9
3473,9
3474,4
3475,0
3476,4
3477,3
3478,0
3479,0
3480,4
3481,3
3482,3
3483,2
3484,7
3485,4
3486,7
3487,8
3488,4
3489,3
3490,3
3491,4
3492,9
3493,5
3494,8
3495,6
3496,6
3497,5
3498,4
3499,9
3500,5
3501,4
3502,5
3503,9
3504,7
3505,9
3506,6
3507,6
3508,0
3509,6
3510,8
3511,8
3512,7
3513,8
3514,5
3515,0
3516,2
3517,3
3518,6
3519,9
3520,8
3521,7
3522,7
3523,6
3524,8
3525,0
3526,5
3527,2
3528,5
3529,0
3530,5
3531,8
3532,6
3533,8
3534,7
3535,2
3536,8
3537,0
3538,7
3539,2
3540,8
3541,1
3542,7
3543,1
3544,9
3545,9
3546,5
3547,5
3548,3
3549,6
3550,9
3551,6
3552,9
3553,5
3554,8
3555,9
3556,0
3557,9
3558,0
3559,2
3560,0
3561,1
3562,8
3563,0
3564,0
3565,1
3566,9
3567,1
3568,1
3569,2
3570,4
3571,5
3572,4
3573,4
3574,7
3575,2
3576,8
3577,0
3578,1
3579,8
3580,8
3581,7
3582,0
3583,4
3584,7
3585,7
3586,3
3587,8
3588,1
3589,1
3590,8
3591,6
3592,5
3593,4
3594,8
3595,6
3596,7
3597,5
3598,0
3599,8
3600,0
3601,6
3602,9
3603,5
3604,7
3605,1
3606,0
3607,2
3608,8
3609,5
3610,0
3611,4
3612,0
3613,3
3614,3
3615,9
3616,6
3617,9
3618,6
3619,1
3620,8
3621,2
3622,1
3623,7
3624,9
3625,2
3626,6
3627,9
3628,3
3629,6
3630,3
3631,5
3632,5
3633,4
3634,2
3635,8
3636,7
3637,1
3638,9
3639,3
3640,1
3641,9
3642,4
3643,4
3644,1
3645,2
3646,8
3647,6
3648,9
3649,2
3650,8
3651,9
3652,4
3653,3
3654,6
3655,7
3656,0
3657,4
3658,5
3659,6
3660,3
3661,3
3662,1
3663,1
3664,3
3665,9
3666,6
3667,5
3668,1
3669,3
3670,5
3671,6
3672,2
3673,3
3674,9
3675,9
3676,9
3677,4
3678,0
3679,4
3680,4
3681,3
3682,7
3683,8
3684,5
3685,4
3686,6
3687,4
3688,2
3689,8
3690,8
3691,3
3692,0
3693,9
3694,2
3695,6
3696,3
3697,9
3698,9
3699,1
3700,3
3701,0
3702,1
3703,8
3704,9
3705,4
3706,5
3707,0
3708,6
3709,9
3710,5
3711,7
3712,7
3713,6
3714,9
3715,2
3716,7
3717,1
3718,9
3719,1
3720,4
3721,7
3722,9
3723,0
3724,5
3725,2
3726,0
3727,5
3728,7
3729,9
3730,5
3731,3
3732,7
3733,4
3734,2
3735,9
3736,5
3737,1
3738,2
3739,4
3740,4
3741,2
3742,8
3743,8
3744,6
3745,8
3746,9
3747,4
3748,1
3749,1
3750,0
3751,2
3752,4
3753,5
3754,4
3755,5
3756,6
3757,7
3758,8
3759,4
3760,7
3761,6
3762,0
3763,5
3764,8
3765,3
3766,7
3767,5
3768,8
3769,8
3770,4
3771,8
3772,3
3773,3
3774,8
3775,5
3776,9
3777,4
3778,1
3779,9
3780,5
3781,9
3782,5
3783,1
3784,3
3785,7
3786,9
3787,4
3788,1
3789,1
3790,6
3791,1
3792,1
3793,5
3794,1
3795,4
3796,3
3797,8
3798,9
3799,4
3800,3
3801,0
3802,5
3803,6
3804,1
3805,1
3806,2
3807,4
3808,9
3809,4
3810,6
3811,9
3812,3
3813,9
3814,3
3815,0
3816,7
3817,2
3818,9
3819,2
3820,9
3821,7
3822,9
3823,5
3824,9
3825,1
3826,4
3827,8
3828,7
3829,8
3830,1
3831,1
3832,7
3833,7
3834,4
3835,1
3836,8
3837,6
3838,3
3839,8
3840,5
3841,5
3842,2
3843,1
3844,4
3845,5
3846,6
3847,3
3848,4
3849,0
3850,1
3851,3
3852,8
3853,9
3854,1
3855,9
3856,1
3857,9
3858,1
3859,4
3860,9
3861,8
3862,2
3863,2
3864,8
3865,3
3866,4
3867,3
3868,0
3869,0
3870,8
3871,1
3872,0
3873,8
3874,4
3875,2
3876,6
3877,8
3878,4
3879,0
3880,8
3881,3
3882,5
3883,9
3884,7
3885,3
3886,1
3887,7
3888,9
3889,3
3890,7
3891,0
3892,0
3893,6
3894,0
3895,5
3896,9
3897,2
3898,6
3899,3
3900,9
3901,3
3902,9
3903,4
3904,7
3905,4
3906,4
3907,8
3908,0
3909,6
3910,9
3911,2
3912,3
3913,7
3914,2
3915,1
3916,1
3917,9
3918,6
3919,6
3920,8
3921,0
3922,5
3923,5
3924,0
3925,3
3926,9
3927,3
3928,6
3929,5
3930,8
3931,8
3932,4
3933,7
3934,8
3935,3
3936,2
3937,5
3938,4
3939,1
3940,0
3941,6
3942,8
3943,4
3944,9
3945,2
3946,8
3947,2
3948,6
3949,9
3950,0
3951,1
3952,9
3953,6
3954,9
3955,2
3956,5
3957,9
3958,9
3959,5
3960,2
3961,3
3962,5
3963,1
3964,5
3965,9
3966,8
3967,4
3968,8
3969,7
3970,0
3971,5
3972,1
3973,0
3974,4
3975,2
3976,4
3977,3
3978,9
3979,7
3980,4
3981,8
3982,0
3983,0
3984,3
3985,7
3986,9
3987,6
3988,9
3989,3
3990,7
3991,2
3992,5
3993,1
3994,0
3995,5
3996,9
3997,1
3998,3
3999,9
4000,4
4001,9
4002,5
4003,8
4004,1
4005,8
4006,3
4007,3
4008,5
4009,9
4010,0
4011,9
4012,4
4013,1
4014,0
4015,4
4016,7
4017,8
4018,8
4019,8
4020,5
4021,6
4022,5
4023,4
4024,5
4025,3
4026,7
4027,1
4028,9
4029,0
4030,0
4031,9
4032,0
4033,1
4034,9
4035,2
4036,4
4037,1
4038,7
4039,7
4040,1
4041,9
4042,0
4043,1
4044,1
4045,6
4046,0
4047,0
4048,2
4049,8
4050,7
4051,9
4052,6
4053,7
4054,8
4055,3
4056,8
4057,5
4058,3
4059,8
4060,4
4061,9
4062,3
4063,9
4064,3
4065,3
4066,1
4067,1
4068,2
4069,3
4070,4
4071,3
4072,8
4073,9
4074,9
4075,6
4076,3
4077,0
4078,8
4079,6
4080,1
4081,2
4082,8
4083,5
4084,1
4085,2
4086,8
4087,9
4088,5
4089,6
4090,8
4091,8
4092,3
4093,8
4094,1
4095,6
4096,6
4097,0
4098,6
4099,7
4100,3
4101,7
4102,9
4103,5
4104,5
4105,1
4106,2
4107,1
4108,5
4109,7
4110,6
4111,3
4112,3
4113,5
4114,8
4115,4
4116,2
4117,4
4118,8
4119,1
4120,8
4121,6
4122,1
4123,9
4124,0
4125,6
4126,2
4127,8
4128,1
4129,6
4130,9
4131,5
4132,2
4133,7
4134,4
4135,0
4136,2
4137,5
4138,4
4139,7
4140,3
4141,7
4142,5
4143,2
4144,9
4145,9
4146,2
4147,7
4148,9
4149,3
4150,4
4151,1
4152,7
4153,9
4154,9
4155,6
4156,0
4157,7
4158,2
4159,7
4160,9
4161,8
4162,7
4163,1
4164,4
4165,4
4166,6
4167,4
4168,3
4169,9
4170,7
4171,3
4172,0
4173,1
4174,6
4175,9
4176,5
4177,4
4178,4
4179,0
4180,2
4181,6
4182,7
4183,9
4184,5
4185,2
4186,0
4187,9
4188,4
4189,0
4190,9
4191,5
4192,3
4193,1
4194,7
4195,2
4196,7
4197,0
4198,1
4199,5
4200,6
4201,8
4202,6
4203,2
4204,6
4205,9
4206,5
4207,7
4208,8
4209,0
4210,9
4211,2
4212,3
4213,2
4214,5
4215,4
4216,9
4217,0
4218,9
4219,9
4220,4
4221,7
4222,5
4223,9
4224,0
4225,9
4226,9
4227,8
4228,1
4229,5
4230,8
4231,1
4232,8
4233,6
4234,0
4235,5
4236,9
4237,2
4238,3
4239,4
4240,1
4241,9
4242,2
4243,2
4244,8
4245,9
4246,5
4247,0
4248,5
4249,8
4250,8
4251,9
4252,2
4253,3
4254,0
4255,9
4256,9
4257,6
4258,2
4259,7
4260,5
4261,0
4262,4
4263,7
4264,1
4265,7
4266,9
4267,1
4268,3
4269,0
4270,0
4271,1
4272,5
4273,5
4274,2
4275,4
4276,5
4277,2
4278,0
4279,5
4280,8
4281,0
4282,9
4283,4
4284,1
4285,8
4286,4
4287,8
4288,8
4289,4
4290,9
4291,3
4292,8
4293,1
4294,0
4295,7
4296,4
4297,6
4298,5
4299,5
4300,2
4301,7
4302,7
4303,6
4304,0
4305,8
4306,2
4307,3
4308,1
4309,4
4310,8
4311,1
4312,9
4313,0
4314,6
4315,8
4316,4
4317,0
4318,6
4319,2
4320,9
4321,5
4322,8
4323,4
4324,1
4325,9
4326,4
4327,0
4328,9
4329,9
4330,8
4331,0
4332,3
4333,4
4334,4
4335,0
4336,9
4337,2
4338,8
4339,0
4340,5
4341,0
4342,9
4343,2
4344,3
4345,1
4346,7
4347,9
4348,9
4349,4
4350,8
4351,5
4352,6
4353,4
4354,3
4355,1
4356,2
4357,5
4358,3
4359,5
4360,0
4361,4
4362,3
4363,8
4364,9
4365,1
4366,6
4367,2
4368,8
4369,8
4370,4
4371,4
4372,0
4373,5
4374,9
4375,8
4376,2
4377,4
4378,4
4379,7
4380,6
4381,2
4382,7
4383,7
4384,1
4385,5
4386,5
4387,5
4388,1
4389,3
4390,9
4391,1
4392,2
4393,7
4394,2
4395,7
4396,6
4397,1
4398,4
4399,9
4400,8
4401,0
4402,6
4403,9
4404,9
4405,7
4406,8
4407,2
4408,5
4409,3
4410,1
4411,9
4412,8
4413,8
4414,2
4415,7
4416,5
4417,9
4418,2
4419,8
4420,6
4421,8
4422,1
4423,4
4424,9
4425,1
4426,2
4427,7
4428,3
4429,8
4430,5
4431,5
4432,4
4433,1
4434,2
4435,9
4436,1
4437,6
4438,0
4439,9
4440,6
4441,4
4442,1
4443,4
4444,5
4445,1
4446,6
4447,9
4448,2
4449,7
4450,2
4451,0
4452,7
4453,3
4454,6
4455,8
4456,2
4457,3
4458,6
4459,2
4460,8
4461,5
4462,4
4463,3
4464,3
4465,0
4466,5
4467,7
4468,7
4469,1
4470,8
4471,9
4472,5
4473,9
4474,7
4475,3
4476,1
4477,1
4478,5
4479,8
4480,4
4481,3
4482,3
4483,2
4484,9
4485,2
4486,2
4487,2
4488,3
4489,4
4490,1
4491,9
4492,9
4493,4
4494,6
4495,0
4496,8
4497,7
4498,5
4499,8
4500,4
4501,8
4502,6
4503,6
4504,3
4505,7
4506,4
4507,9
4508,8
4509,4
4510,9
4511,1
4512,5
4513,4
4514,1
4515,1
4516,1
4517,5
4518,1
4519,1
4520,5
4521,9
4522,6
4523,2
4524,6
4525,9
4526,5
4527,9
4528,5
4529,3
4530,7
4531,3
4532,8
4533,7
4534,5
4535,6
4536,1
4537,6
4538,9
4539,5
4540,2
4541,3
4542,8
4543,5
4544,1
4545,9
4546,9
4547,5
4548,5
4549,4
4550,7
4551,1
4552,7
4553,4
4554,8
4555,6
4556,8
4557,7
4558,8
4559,2
4560,6
4561,5
4562,3
4563,5
4564,5
4565,2
4566,2
4567,3
4568,6
4569,1
4570,2
4571,5
4572,0
4573,6
4574,0
4575,1
4576,1
4577,7
4578,7
4579,6
4580,2
4581,4
4582,0
4583,9
4584,3
4585,2
4586,9
4587,8
4588,8
4589,2
4590,5
4591,4
4592,2
4593,0
4594,2
4595,1
4596,4
4597,9
4598,9
4599,9
4600,9
4601,0
4602,2
4603,2
4604,4
4605,1
4606,9
4607,1
4608,8
4609,8
4610,4
4611,5
4612,7
4613,0
4614,4
4615,2
4616,9
4617,9
4618,7
4619,6
4620,3
4621,0
4622,1
4623,1
4624,3
4625,9
4626,0
4627,7
4628,0
4629,6
4630,9
4631,8
4632,3
4633,4
4634,7
4635,0
4636,1
4637,8
4638,8
4639,4
4640,4
4641,0
4642,8
4643,3
4644,0
4645,0
4646,2
4647,8
4648,5
4649,5
4650,2
4651,2
4652,8
4653,3
4654,8
4655,7
4656,3
4657,6
4658,5
4659,4
4660,5
4661,3
4662,5
4663,2
4664,2
4665,9
4666,0
4667,1
4668,1
4669,9
4670,9
4671,8
4672,4
4673,7
4674,7
4675,4
4676,7
4677,8
4678,1
4679,7
4680,9
4681,3
4682,4
4683,5
4684,2
4685,9
4686,9
4687,0
4688,4
4689,7
4690,2
4691,9
4692,8
4693,7
4694,3
4695,2
4696,3
4697,1
4698,2
4699,0
4700,4
4701,4
4702,1
4703,5
4704,2
4705,7
4706,4
4707,2
4708,9
4709,6
4710,8
4711,8
4712,7
4713,1
4714,6
4715,6
4716,0
4717,5
4718,7
4719,3
4720,9
4721,9
4722,4
4723,4
4724,5
4725,2
4726,7
4727,8
4728,5
4729,4
4730,7
4731,8
4732,9
4733,9
4734,6
4735,2
4736,9
4737,5
4738,3
4739,5
4740,6
4741,4
4742,9
4743,5
4744,0
4745,7
4746,9
4747,1
4748,8
4749,5
4750,1
4751,5
4752,2
4753,8
4754,1
4755,9
4756,3
4757,6
4758,8
4759,9
4760,8
4761,8
4762,4
4763,9
4764,5
4765,9
4766,2
4767,1
4768,9
4769,1
4770,0
4771,4
4772,4
4773,5
4774,6
4775,6
4776,0
4777,4
4778,5
4779,3
4780,4
4781,2
4782,7
4783,1
4784,8
4785,2
4786,2
4787,3
4788,7
4789,2
4790,6
4791,4
4792,4
4793,5
4794,5
4795,7
4796,2
4797,5
4798,5
4799,8
4800,9
4801,4
4802,5
4803,3
4804,9
4805,7
4806,4
4807,2
4808,9
4809,7
4810,9
4811,2
4812,0
4813,4
4814,8
4815,8
4816,9
4817,4
4818,1
4819,3
4820,5
4821,7
4822,7
4823,0
4824,2
4825,0
4826,2
4827,2
4828,4
4829,9
4830,3
4831,3
4832,1
4833,4
4834,2
4835,2
4836,9
4837,2
4838,4
4839,6
4840,1
4841,9
4842,6
4843,2
4844,5
4845,8
4846,6
4847,3
4848,0
4849,6
4850,9
4851,9
4852,9
4853,9
4854,1
4855,2
4856,5
4857,3
4858,7
4859,6
4860,9
4861,5
4862,9
4863,8
4864,6
4865,0
4866,3
4867,0
4868,0
4869,8
4870,0
4871,9
4872,9
4873,0
4874,0
4875,8
4876,9
4877,9
4878,3
4879,4
4880,1
4881,3
4882,4
4883,9
4884,7
4885,7
4886,1
4887,1
4888,0
4889,2
4890,4
4891,9
4892,2
4893,9
4894,2
4895,1
4896,2
4897,1
4898,4
4899,4
4900,3
4901,5
4902,5
4903,5
4904,3
4905,4
4906,8
4907,2
4908,5
4909,9
4910,5
4911,1
4912,8
4913,6
4914,6
4915,1
4916,0
4917,2
4918,8
4919,5
4920,6
4921,0
4922,3
4923,1
4924,6
4925,1
4926,3
4927,6
4928,9
4929,8
4930,8
4931,4
4932,8
4933,1
4934,1
4935,7
4936,5
4937,7
4938,0
4939,0
4940,3
4941,1
4942,9
4943,4
4944,9
4945,8
4946,4
4947,5
4948,2
4949,7
4950,2
4951,2
4952,3
4953,0
4954,5
4955,1
4956,8
4957,5
4958,1
4959,9
4960,4
4961,0
4962,2
4963,0
4964,7
4965,2
4966,0
4967,9
4968,9
4969,9
4970,0
4971,9
4972,1
4973,1
4974,9
4975,5
4976,2
4977,8
4978,0
4979,3
4980,0
4981,8
4982,5
4983,4
4984,5
4985,5
4986,8
4987,5
4988,8
4989,1
4990,2
4991,5
4992,5
4993,5
4994,3
4995,0
4996,5
4997,1
4998,8
4999,1
5000,3
5001,6
5002,1
5003,6
5004,5
5005,4
5006,8
5007,3
5008,2
5009,5
5010,1
5011,3
5012,0
5013,9
5014,6
5015,9
5016,5
5017,9
5018,6
5019,0
5020,1
5021,2
5022,3
5023,1
5024,4
5025,8
5026,9
5027,2
5028,1
5029,9
5030,4
5031,8
5032,3
5033,4
5034,2
5035,1
5036,2
5037,5
5038,1
5039,4
5040,9
5041,8
5042,4
5043,2
5044,9
5045,3
5046,9
5047,3
5048,9
5049,7
5050,2
5051,7
5052,8
5053,5
5054,8
5055,1
5056,5
5057,9
5058,9
5059,3
5060,0
5061,9
5062,2
5063,3
5064,3
5065,2
5066,5
5067,4
5068,5
5069,0
5070,6
5071,0
5072,0
5073,3
5074,3
5075,2
5076,0
5077,4
5078,6
5079,4
5080,2
5081,3
5082,8
5083,9
5084,2
5085,6
5086,3
5087,0
5088,5
5089,3
5090,9
5091,6
5092,0
5093,5
5094,8
5095,4
5096,2
5097,4
5098,5
5099,0
5100,5
5101,6
5102,4
5103,2
5104,9
5105,8
5106,4
5107,5
5108,0
5109,3
5110,8
5111,7
5112,9
5113,4
5114,5
5115,4
5116,5
5117,7
5118,8
5119,6
5120,5
5121,2
5122,1
5123,4
5124,7
5125,6
5126,9
5127,5
5128,3
5129,8
5130,9
5131,5
5132,1
5133,9
5134,8
5135,4
5136,3
5137,7
5138,3
5139,8
5140,6
5141,3
5142,3
5143,5
5144,9
5145,6
5146,9
5147,2
5148,6
5149,1
5150,1
5151,2
5152,5
5153,2
5154,7
5155,0
5156,4
5157,2
5158,9
5159,4
5160,5
5161,7
5162,5
5163,7
5164,9
5165,1
5166,4
5167,0
5168,1
5169,9
5170,6
5171,2
5172,5
5173,4
5174,5
5175,5
5176,7
5177,0
5178,6
5179,9
5180,2
5181,4
5182,9
5183,7
5184,8
5185,0
5186,8
5187,9
5188,4
5189,9
5190,3
5191,6
5192,5
5193,0
5194,3
5195,5
5196,9
5197,6
5198,1
5199,8
5200,3
5201,4
5202,2
5203,5
5204,9
5205,3
5206,9
5207,0
5208,9
5209,1
5210,5
5211,5
5212,2
5213,2
5214,9
5215,8
5216,7
5217,7
5218,1
5219,0
5220,9
5221,7
5222,9
5223,3
5224,8
5225,8
5226,9
5227,5
5228,8
5229,7
5230,2
5231,3
5232,5
5233,8
5234,1
5235,8
5236,3
5237,9
5238,1
5239,8
5240,4
5241,8
5242,2
5243,3
5244,4
5245,0
5246,4
5247,4
5248,4
5249,2
5250,7
5251,0
5252,1
5253,1
5254,4
5255,2
5256,4
5257,4
5258,6
5259,7
5260,2
5261,7
5262,1
5263,2
5264,9
5265,4
5266,2
5267,2
5268,0
5269,5
5270,9
5271,3
5272,7
5273,3
5274,9
5275,0
5276,9
5277,0
5278,5
5279,1
5280,9
5281,4
5282,3
5283,5
5284,6
5285,8
5286,7
5287,3
5288,3
5289,8
5290,9
5291,5
5292,4
5293,9
5294,9
5295,3
5296,7
5297,6
5298,9
5299,1
5300,5
5301,0
5302,9
5303,5
5304,4
5305,9
5306,5
5307,4
5308,4
5309,2
5310,2
5311,5
5312,6
5313,9
5314,2
5315,7
5316,3
5317,7
5318,8
5319,0
5320,0
5321,9
5322,9
5323,8
5324,7
5325,3
5326,7
5327,4
5328,8
5329,7
5330,7
5331,4
5332,0
5333,2
5334,7
5335,4
5336,9
5337,4
5338,8
5339,2
5340,0
5341,5
5342,9
5343,1
5344,9
5345,9
5346,0
5347,4
5348,9
5349,1
5350,1
5351,4
5352,8
5353,9
5354,2
5355,9
5356,8
5357,4
5358,3
5359,0
5360,7
5361,6
5362,2
5363,0
5364,9
5365,4
5366,6
5367,9
5368,8
5369,3
5370,8
5371,3
5372,3
5373,7
5374,7
5375,9
5376,9
5377,5
5378,5
5379,5
5380,4
5381,9
5382,5
5383,4
5384,9
5385,5
5386,1
5387,8
5388,6
5389,3
5390,2
5391,8
5392,5
5393,0
5394,5
5395,4
5396,3
5397,3
5398,9
5399,3
5400,1
5401,1
5402,0
5403,8
5404,1
5405,8
5406,9
5407,0
5408,9
5409,5
5410,4
5411,2
5412,2
5413,0
5414,9
5415,4
5416,4
5417,8
5418,5
5419,0
5420,5
5421,7
5422,8
5423,5
5424,3
5425,9
5426,4
5427,9
5428,8
5429,8
5430,7
5431,9
5432,0
5433,7
5434,9
5435,8
5436,9
5437,5
5438,6
5439,1
5440,3
5441,1
5442,9
5443,6
5444,8
5445,9
5446,5
5447,6
5448,3
5449,6
5450,9
5451,0
5452,1
5453,7
5454,2
5455,8
5456,7
5457,3
5458,6
5459,4
5460,5
5461,2
5462,7
5463,4
5464,9
5465,1
5466,0
5467,5
5468,3
5469,2
5470,1
5471,6
5472,2
5473,7
5474,7
5475,4
5476,0
5477,9
5478,2
5479,3
5480,4
5481,2
5482,9
5483,3
5484,3
5485,6
5486,6
5487,7
5488,7
5489,9
5490,6
5491,1
5492,5
5493,7
5494,7
5495,5
5496,0
5497,0
5498,4
5499,0
5500,1
5501,0
5502,9
5503,9
5504,4
5505,2
5506,3
5507,1
5508,4
5509,8
5510,5
5511,2
5512,0
5513,9
5514,9
5515,3
5516,5
5517,7
5518,7
5519,2
5520,4
5521,3
5522,6
5523,4
5524,5
5525,7
5526,3
5527,8
5528,1
5529,9
5530,7
5531,5
5532,5
5533,5
5534,8
5535,3
5536,3
5537,5
5538,3
5539,4
5540,3
5541,3
5542,6
5543,1
5544,6
5545,2
5546,1
5547,5
5548,0
5549,1
5550,1
5551,1
5552,9
5553,7
5554,7
5555,3
5556,1
5557,9
5558,3
5559,3
5560,1
5561,9
5562,1
5563,9
5564,2
5565,8
5566,1
5567,9
5568,2
5569,9
5570,0
5571,9
5572,8
5573,9
5574,0
5575,4
5576,1
5577,0
5578,5
5579,9
5580,8
5581,9
5582,7
5583,7
5584,4
5585,8
5586,8
5587,2
5588,9
5589,0
5590,6
5591,8
5592,4
5593,3
5594,9
5595,9
5596,9
5597,6
5598,8
5599,7
5600,2
5601,8
5602,7
5603,5
5604,9
5605,6
5606,3
5607,7
5608,8
5609,2
5610,8
5611,6
5612,1
5613,9
5614,1
5615,7
5616,2
5617,5
5618,0
5619,1
5620,4
5621,7
5622,5
5623,8
5624,9
5625,1
5626,1
5627,4
5628,9
5629,8
5630,0
5631,7
5632,2
5633,9
5634,3
5635,2
5636,8
5637,2
5638,7
5639,8
5640,0
5641,6
5642,6
5643,5
5644,8
5645,5
5646,4
5647,2
5648,7
5649,8
5650,7
5651,8
5652,3
5653,9
5654,6
5655,2
5656,3
5657,5
5658,8
5659,9
5660,6
5661,5
5662,6
5663,7
5664,8
5665,5
5666,7
5667,3
5668,4
5669,6
5670,8
5671,8
5672,4
5673,2
5674,4
5675,3
5676,0
5677,9
5678,1
5679,3
5680,9
5681,9
5682,1
5683,9
5684,5
5685,9
5686,1
5687,9
5688,7
5689,7
5690,4
5691,3
5692,2
5693,0
5694,1
5695,7
5696,9
5697,1
5698,1
5699,9
5700,3
5701,3
5702,4
5703,7
5704,1
5705,8
5706,5
5707,0
5708,6
5709,7
5710,1
5711,2
5712,7
5713,4
5714,0
5715,1
5716,7
5717,2
5718,4
5719,1
5720,8
5721,2
5722,0
5723,7
5724,0
5725,9
5726,2
5727,9
5728,3
5729,3
5730,9
5731,7
5732,3
5733,9
5734,7
5735,2
5736,2
5737,1
5738,4
5739,2
5740,7
5741,2
5742,6
5743,2
5744,7
5745,4
5746,9
5747,2
5748,5
5749,9
5750,4
5751,4
5752,3
5753,6
5754,0
5755,7
5756,5
5757,7
5758,2
5759,8
5760,7
5761,9
5762,5
5763,2
5764,0
5765,2
5766,2
5767,5
5768,8
5769,5
5770,4
5771,6
5772,1
5773,8
5774,5
5775,2
5776,3
5777,0
5778,5
5779,7
5780,2
5781,1
5782,7
5783,1
5784,7
5785,4
5786,7
5787,2
5788,7
5789,3
5790,3
5791,8
5792,2
5793,8
5794,8
5795,6
5796,3
5797,6
5798,2
5799,3
5800,0
5801,3
5802,0
5803,4
5804,2
5805,1
5806,2
5807,7
5808,0
5809,8
5810,5
5811,1
5812,2
5813,9
5814,9
5815,5
5816,8
5817,9
5818,6
5819,4
5820,2
5821,4
5822,9
5823,9
5824,8
5825,6
5826,8
5827,9
5828,9
5829,9
5830,8
5831,3
5832,9
5833,6
5834,4
5835,0
5836,5
5837,9
5838,0
5839,2
5840,1
5841,9
5842,7
5843,4
5844,1
5845,2
5846,8
5847,2
5848,7
5849,9
5850,9
5851,0
5852,0
5853,3
5854,2
5855,0
5856,1
5857,2
5858,9
5859,7
5860,9
5861,7
5862,9
5863,4
5864,9
5865,8
5866,5
5867,9
5868,1
5869,9
5870,5
5871,2
5872,9
5873,3
5874,8
5875,7
5876,4
5877,9
5878,2
5879,1
5880,9
5881,1
5882,5
5883,3
5884,6
5885,7
5886,5
5887,3
5888,6
5889,8
5890,9
5891,5
5892,4
5893,9
5894,2
5895,8
5896,0
5897,2
5898,0
5899,8
5900,4
5901,2
5902,2
5903,6
5904,3
5905,8
5906,4
5907,4
5908,9
5909,8
5910,4
5911,2
5912,9
5913,2
5914,8
5915,4
5916,4
5917,6
5918,5
5919,5
5920,1
5921,9
5922,1
5923,7
5924,4
5925,3
5926,9
5927,3
5928,8
5929,8
5930,2
5931,7
5932,9
5933,9
5934,0
5935,8
5936,4
5937,1
5938,4
5939,7
5940,7
5941,6
5942,2
5943,2
5944,4
5945,9
5946,9
5947,5
5948,3
5949,6
5950,3
5951,8
5952,2
5953,3
5954,8
5955,2
5956,2
5957,3
5958,9
5959,4
5960,4
5961,6
5962,4
5963,2
5964,3
5965,0
5966,6
5967,2
5968,8
5969,4
5970,0
5971,4
5972,4
5973,2
5974,9
5975,4
5976,0
5977,3
5978,0
5979,5
5980,2
5981,1
5982,4
5983,3
5984,8
5985,8
5986,2
5987,0
5988,6
5989,3
5990,7
5991,3
5992,5
5993,6
5994,8
5995,9
5996,4
5997,4
5998,2
5999,9
6000,1
6001,5
6002,5
6003,0
6004,5
6005,9
6006,2
6007,6
6008,4
6009,3
6010,1
6011,1
6012,7
6013,3
6014,9
6015,8
6016,1
6017,3
6018,4
6019,9
6020,4
6021,5
6022,9
6023,9
6024,2
6025,9
6026,4
6027,7
6028,4
6029,8
6030,4
6031,5
6032,5
6033,1
6034,8
6035,8
6036,4
6037,6
6038,1
6039,5
6040,3
6041,3
6042,3
6043,9
6044,9
6045,1
6046,2
6047,6
6048,3
6049,5
6050,9
6051,9
6052,8
6053,4
6054,4
6055,4
6056,2
6057,2
6058,3
6059,3
6060,2
6061,7
6062,4
6063,8
6064,3
6065,8
6066,7
6067,4
6068,2
6069,7
6070,0
6071,3
6072,5
6073,4
6074,1
6075,4
6076,2
6077,2
6078,1
6079,5
6080,2
6081,6
6082,5
6083,4
6084,5
6085,8
6086,3
6087,3
6088,2
6089,2
6090,4
6091,7
6092,5
6093,5
6094,2
6095,1
6096,1
6097,4
6098,7
6099,4
6100,5
6101,2
6102,4
6103,4
6104,9
6105,3
6106,7
6107,2
6108,0
6109,9
6110,0
6111,1
6112,5
6113,1
6114,5
6115,0
6116,7
6117,5
6118,4
6119,8
6120,9
6121,9
6122,2
6123,5
6124,7
6125,5
6126,0
6127,0
6128,7
6129,2
6130,4
6131,6
6132,1
6133,6
6134,5
6135,9
6136,6
6137,7
6138,8
6139,4
6140,8
6141,0
6142,4
6143,0
6144,3
6145,5
6146,9
6147,6
6148,2
6149,9
6150,0
6151,5
6152,7
6153,1
6154,7
6155,2
6156,2
6157,9
6158,9
6159,5
6160,6
6161,3
6162,8
6163,5
6164,6
6165,0
6166,5
6167,3
6168,4
6169,1
6170,6
6171,6
6172,3
6173,5
6174,5
6175,4
6176,9
6177,4
6178,9
6179,0
6180,8
6181,8
6182,1
6183,0
6184,2
6185,2
6186,0
6187,3
6188,1
6189,5
6190,9
6191,5
6192,8
6193,4
6194,0
6195,4
6196,4
6197,1
6198,4
6199,5
6200,5
6201,4
6202,0
6203,7
6204,1
6205,3
6206,0
6207,1
6208,4
6209,4
6210,4
6211,6
6212,9
6213,7
6214,4
6215,9
6216,3
6217,6
6218,9
6219,0
6220,6
6221,3
6222,2
6223,8
6224,2
6225,3
6226,7
6227,1
6228,5
6229,3
6230,6
6231,9
6232,7
6233,3
6234,9
6235,4
6236,9
6237,7
6238,1
6239,9
6240,5
6241,7
6242,5
6243,1
6244,2
6245,9
6246,4
6247,3
6248,7
6249,1
6250,8
6251,8
6252,7
6253,3
6254,8
6255,7
6256,9
6257,8
6258,5
6259,3
6260,3
6261,0
6262,7
6263,5
6264,0
6265,1
6266,1
6267,2
6268,4
6269,3
6270,8
6271,6
6272,8
6273,2
6274,0
6275,8
6276,9
6277,6
6278,9
6279,4
6280,7
6281,6
6282,9
6283,2
6284,0
6285,5
6286,9
6287,9
6288,1
6289,5
6290,4
6291,5
6292,6
6293,9
6294,3
6295,8
6296,6
6297,1
6298,6
6299,4
6300,3
6301,3
6302,5
6303,5
6304,5
6305,9
6306,8
6307,2
6308,8
6309,0
6310,1
6311,9
6312,1
6313,4
6314,2
6315,9
6316,7
6317,0
6318,1
6319,3
6320,0
6321,2
6322,9
6323,5
6324,7
6325,3
6326,6
6327,3
6328,6
6329,4
6330,1
6331,5
6332,7
6333,5
6334,4
6335,9
6336,7
6337,4
6338,3
6339,6
6340,7
6341,9
6342,8
6343,1
6344,7
6345,5
6346,3
6347,8
6348,2
6349,6
6350,3
6351,8
6352,4
6353,1
6354,4
6355,2
6356,4
6357,7
6358,5
6359,3
6360,9
6361,7
6362,3
6363,6
6364,9
6365,9
6366,9
6367,6
6368,6
6369,0
6370,9
6371,9
6372,9
6373,5
6374,3
6375,3
6376,8
6377,7
6378,2
6379,8
6380,9
6381,0
6382,6
6383,7
6384,6
6385,1
6386,0
6387,8
6388,0
6389,5
6390,6
6391,4
6392,9
6393,2
6394,0
6395,6
6396,9
6397,6
6398,3
6399,9
6400,2
6401,9
6402,8
6403,4
6404,4
6405,0
6406,3
6407,4
6408,1
6409,5
6410,9
6411,3
6412,2
6413,9
6414,7
6415,8
6416,6
6417,5
6418,7
6419,2
6420,0
6421,2
6422,8
6423,0
6424,0
6425,4
6426,1
6427,1
6428,0
6429,5
6430,9
6431,0
6432,4
6433,6
6434,3
6435,5
6436,3
6437,2
6438,2
6439,3
6440,3
6441,5
6442,9
6443,7
6444,8
6445,4
6446,8
6447,0
6448,3
6449,3
6450,9
6451,2
6452,9
6453,7
6454,5
6455,5
6456,3
6457,6
6458,3
6459,9
6460,7
6461,6
6462,6
6463,4
6464,9
6465,8
6466,7
6467,8
6468,6
6469,3
6470,7
6471,0
6472,9
6473,1
6474,2
6475,3
6476,9
6477,9
6478,7
6479,5
6480,9
6481,0
6482,0
6483,8
6484,1
6485,8
6486,2
6487,3
6488,9
6489,3
6490,7
6491,9
6492,6
6493,4
6494,7
6495,9
6496,7
6497,3
6498,9
6499,5
6500,1
6501,4
6502,1
6503,9
6504,3
6505,8
6506,7
6507,9
6508,2
6509,7
6510,0
6511,2
6512,8
6513,2
6514,8
6515,9
6516,5
6517,8
6518,5
6519,8
6520,1
6521,2
6522,6
6523,6
6524,8
6525,3
6526,3
6527,8
6528,8
6529,4
6530,5
6531,5
6532,1
6533,9
6534,5
6535,9
6536,8
6537,8
6538,6
6539,0
6540,6
6541,4
6542,7
6543,1
6544,3
6545,4
6546,4
6547,2
6548,5
6549,0
6550,4
6551,5
6552,1
6553,7
6554,4
6555,4
6556,8
6557,3
6558,9
6559,2
6560,6
6561,5
6562,3
6563,4
6564,3
6565,9
6566,1
6567,2
6568,7
6569,7
6570,7
6571,0
6572,2
6573,7
6574,9
6575,2
6576,6
6577,1
6578,2
6579,5
6580,5
6581,1
6582,4
6583,5
6584,0
6585,3
6586,5
6587,9
6588,5
6589,4
6590,5
6591,4
6592,4
6593,4
6594,8
6595,2
6596,7
6597,8
6598,8
6599,9
6600,3
6601,5
6602,7
6603,9
6604,9
6605,3
6606,6
6607,5
6608,7
6609,4
6610,2
6611,9
6612,2
6613,9
6614,7
6615,2
6616,3
6617,7
6618,0
6619,2
6620,1
6621,3
6622,5
6623,6
6624,8
6625,6
6626,9
6627,2
6628,8
6629,7
6630,9
6631,2
6632,8
6633,8
6634,4
6635,3
6636,3
6637,4
6638,2
6639,3
6640,3
6641,2
6642,2
6643,3
6644,2
6645,7
6646,8
6647,3
6648,1
6649,7
6650,9
6651,1
6652,4
6653,4
6654,9
6655,8
6656,0
6657,4
6658,3
6659,9
6660,1
6661,8
6662,2
6663,7
6664,2
6665,8
6666,3
6667,3
6668,2
6669,2
6670,1
6671,2
6672,5
6673,4
6674,9
6675,5
6676,5
6677,8
6678,3
6679,3
6680,9
6681,1
6682,8
6683,9
6684,7
6685,3
6686,7
6687,8
6688,1
6689,3
6690,6
6691,1
6692,5
6693,0
6694,9
6695,4
6696,3
6697,3
6698,5
6699,9
6700,9
6701,5
6702,9
6703,2
6704,3
6705,3
6706,4
6707,8
6708,4
6709,4
6710,1
6711,3
6712,9
6713,5
6714,8
6715,2
6716,9
6717,7
6718,9
6719,1
6720,6
6721,9
6722,5
6723,2
6724,8
6725,0
6726,3
6727,7
6728,3
6729,9
6730,3
6731,9
6732,9
6733,3
6734,9
6735,6
6736,3
6737,7
6738,8
6739,4
6740,9
6741,6
6742,5
6743,8
6744,7
6745,8
6746,8
6747,6
6748,0
6749,9
6750,9
6751,3
6752,9
6753,7
6754,8
6755,9
6756,7
6757,2
6758,7
6759,7
6760,4
6761,1
6762,2
6763,8
6764,0
6765,5
6766,1
6767,3
6768,3
6769,6
6770,3
6771,1
6772,8
6773,2
6774,7
6775,0
6776,4
6777,2
6778,5
6779,7
6780,0
6781,3
6782,7
6783,8
6784,3
6785,1
6786,9
6787,5
6788,8
6789,5
6790,7
6791,7
6792,7
6793,9
6794,5
6795,3
6796,1
6797,7
6798,1
6799,3
6800,1
6801,9
6802,9
6803,8
6804,7
6805,4
6806,3
6807,9
6808,3
6809,7
6810,5
6811,0
6812,4
6813,9
6814,9
6815,9
6816,5
6817,8
6818,7
6819,3
6820,6
6821,1
6822,1
6823,5
6824,5
6825,6
6826,9
6827,3
6828,9
6829,0
6830,3
6831,9
6832,6
6833,2
6834,5
6835,3
6836,2
6837,3
6838,9
6839,5
6840,2
6841,0
6842,7
6843,1
6844,2
6845,2
6846,5
6847,6
6848,8
6849,4
6850,7
6851,0
6852,9
6853,9
6854,6
6855,0
6856,0
6857,7
6858,7
6859,9
6860,3
6861,5
6862,6
6863,4
6864,7
6865,1
6866,5
6867,5
6868,0
6869,1
6870,0
6871,9
6872,2
6873,4
6874,5
6875,1
6876,2
6877,2
6878,1
6879,9
6880,8
6881,9
6882,7
6883,3
6884,4
6885,6
6886,0
6887,5
6888,1
6889,5
6890,9
6891,4
6892,7
6893,8
6894,3
6895,4
6896,9
6897,2
6898,9
6899,1
6900,9
6901,9
6902,9
6903,4
6904,0
6905,6
6906,7
6907,3
6908,2
6909,4
6910,9
6911,8
6912,1
6913,8
6914,3
6915,5
6916,2
6917,3
6918,5
6919,8
6920,5
6921,9
6922,9
6923,0
6924,1
6925,2
6926,5
6927,9
6928,9
6929,8
6930,7
6931,0
6932,1
6933,5
6934,9
6935,4
6936,4
6937,9
6938,7
6939,4
6940,9
6941,9
6942,4
6943,2
6944,4
6945,3
6946,9
6947,0
6948,2
6949,4
6950,5
6951,6
6952,2
6953,8
6954,7
6955,1
6956,5
6957,5
6958,6
6959,7
6960,1
6961,4
6962,0
6963,5
6964,1
6965,9
6966,2
6967,0
6968,5
6969,8
6970,6
6971,1
6972,4
6973,2
6974,9
6975,1
6976,5
6977,3
6978,8
6979,9
6980,8
6981,5
6982,0
6983,2
6984,1
6985,7
6986,3
6987,5
6988,0
6989,7
6990,3
6991,2
6992,1
6993,9
6994,2
6995,9
6996,9
6997,7
6998,7
6999,0
7000,6
7001,4
7002,4
7003,0
7004,0
7005,7
7006,2
7007,7
7008,7
7009,7
7010,0
7011,2
7012,0
7013,0
7014,4
7015,5
7016,1
7017,5
7018,9
7019,5
7020,5
7021,9
7022,6
7023,0
7024,1
7025,4
7026,9
7027,4
7028,9
7029,0
7030,6
7031,3
7032,1
7033,5
7034,7
7035,7
7036,2
7037,9
7038,3
7039,5
7040,9
7041,7
7042,5
7043,6
7044,9
7045,3
7046,6
7047,2
7048,4
7049,3
7050,4
7051,3
7052,9
7053,4
7054,8
7055,6
7056,3
7057,1
7058,2
7059,9
7060,2
7061,4
7062,5
7063,3
7064,9
7065,4
7066,5
7067,9
7068,7
7069,0
7070,0
7071,4
7072,7
7073,6
7074,1
7075,2
7076,7
7077,9
7078,6
7079,2
7080,1
7081,8
7082,9
7083,7
7084,7
7085,0
7086,6
7087,9
7088,1
7089,1
7090,9
7091,7
7092,8
7093,6
7094,2
7095,7
7096,8
7097,1
7098,5
7099,0
7100,9
7101,7
7102,7
7103,4
7104,8
7105,9
7106,5
7107,0
7108,3
7109,3
7110,7
7111,1
7112,2
7113,1
7114,4
7115,9
7116,2
7117,3
7118,1
7119,1
7120,8
7121,7
7122,3
7123,7
7124,4
7125,6
7126,5
7127,9
7128,8
7129,4
7130,8
7131,8
7132,2
7133,5
7134,0
7135,7
7136,8
7137,9
7138,5
7139,1
7140,8
7141,0
7142,8
7143,0
7144,8
7145,4
7146,4
7147,8
7148,9
7149,4
7150,8
7151,5
7152,3
7153,2
7154,6
7155,7
7156,0
7157,1
7158,1
7159,5
7160,0
7161,9
7162,5
7163,8
7164,0
7165,2
7166,5
7167,6
7168,9
7169,0
7170,0
7171,3
7172,1
7173,9
7174,7
7175,2
7176,4
7177,5
7178,6
7179,9
7180,9
7181,8
7182,2
7183,6
7184,5
7185,1
7186,2
7187,0
7188,7
7189,3
7190,7
7191,1
7192,9
7193,8
7194,9
7195,6
7196,3
7197,5
7198,3
7199,1
7200,1
7201,2
7202,9
7203,8
7204,2
7205,9
7206,8
7207,2
7208,2
7209,9
7210,2
7211,3
7212,7
7213,8
7214,7
7215,2
7216,1
7217,6
7218,1
7219,2
7220,8
7221,1
7222,4
7223,4
7224,0
7225,9
7226,6
7227,5
7228,1
7229,0
7230,6
7231,1
7232,0
7233,3
7234,9
7235,9
7236,7
7237,2
7238,0
7239,4
7240,4
7241,7
7242,8
7243,4
7244,9
7245,2
7246,7
7247,1
7248,4
7249,9
7250,9
7251,2
7252,8
7253,0
7254,2
7255,2
7256,9
7257,9
7258,3
7259,8
7260,0
7261,8
7262,7
7263,7
7264,3
7265,4
7266,4
7267,9
7268,2
7269,9
7270,9
7271,3
7272,8
7273,3
7274,9
7275,3
7276,4
7277,9
7278,4
7279,9
7280,1
7281,4
7282,1
7283,9
7284,8
7285,3
7286,4
7287,3
7288,5
7289,5
7290,7
7291,6
7292,0
7293,8
7294,0
7295,2
7296,5
7297,4
7298,6
7299,8
7300,2
7301,3
7302,4
7303,0
7304,6
7305,9
7306,7
7307,2
7308,2
7309,8
7310,3
7311,2
7312,9
7313,8
7314,0
7315,3
7316,9
7317,1
7318,0
7319,4
7320,4
7321,2
7322,4
7323,5
7324,3
7325,1
7326,9
7327,3
7328,1
7329,6
7330,7
7331,9
7332,4
7333,8
7334,1
7335,3
7336,8
7337,8
7338,2
7339,3
7340,0
7341,7
7342,2
7343,3
7344,6
7345,3
7346,2
7347,9
7348,4
7349,5
7350,2
7351,4
7352,6
7353,1
7354,8
7355,1
7356,4
7357,8
7358,3
7359,1
7360,0
7361,8
7362,7
7363,8
7364,4
7365,5
7366,0
7367,0
7368,7
7369,3
7370,5
7371,0
7372,8
7373,0
7374,6
7375,5
7376,4
7377,3
7378,7
7379,4
7380,2
7381,7
7382,1
7383,2
7384,8
7385,2
7386,7
7387,7
7388,2
7389,9
7390,4
7391,8
7392,2
7393,4
7394,4
7395,8
7396,4
7397,8
7398,2
7399,0
7400,3
7401,1
7402,8
7403,2
7404,5
7405,1
7406,1
7407,4
7408,9
7409,4
7410,0
7411,1
7412,9
7413,9
7414,9
7415,8
7416,7
7417,7
7418,8
7419,0
7420,4
7421,0
7422,0
7423,5
7424,6
7425,2
7426,1
7427,5
7428,2
7429,8
7430,2
7431,4
7432,9
7433,6
7434,8
7435,2
7436,7
7437,8
7438,2
7439,1
7440,1
7441,9
7442,3
7443,9
7444,1
7445,7
7446,7
7447,0
7448,6
7449,2
7450,1
7451,4
7452,5
7453,0
7454,1
7455,9
7456,8
7457,8
7458,3
7459,0
7460,5
7461,0
7462,1
7463,4
7464,3
7465,6
7466,1
7467,0
7468,0
7469,4
7470,5
7471,4
7472,9
7473,3
7474,5
7475,7
7476,0
7477,2
7478,1
7479,1
7480,8
7481,9
7482,4
7483,1
7484,7
7485,4
7486,9
7487,1
7488,8
7489,5
7490,5
7491,1
7492,4
7493,6
7494,7
7495,5
7496,0
7497,7
7498,2
7499,9
7500,8
7501,7
7502,6
7503,9
7504,2
7505,8
7506,9
7507,3
7508,6
7509,7
7510,5
7511,0
7512,3
7513,1
7514,1
7515,4
7516,0
7517,2
7518,0
7519,9
7520,9
7521,8
7522,1
7523,4
7524,1
7525,2
7526,4
7527,6
7528,9
7529,8
7530,4
7531,3
7532,9
7533,9
7534,0
7535,9
7536,8
7537,3
7538,9
7539,0
7540,7
7541,8
7542,7
7543,7
7544,2
7545,9
7546,8
7547,1
7548,9
7549,5
7550,2
7551,4
7552,9
7553,8
7554,8
7555,5
7556,3
7557,4
7558,4
7559,9
7560,1
7561,7
7562,4
7563,5
7564,7
7565,6
7566,6
7567,9
7568,6
7569,6
7570,7
7571,2
7572,9
7573,7
7574,9
7575,5
7576,8
7577,3
7578,2
7579,2
7580,3
7581,8
7582,8
7583,9
7584,7
7585,5
7586,8
7587,9
7588,9
7589,8
7590,9
7591,9
7592,7
7593,4
7594,1
7595,9
7596,3
7597,4
7598,6
7599,9
7600,5
7601,7
7602,2
7603,5
7604,1
7605,9
7606,1
7607,2
7608,8
7609,7
7610,2
7611,3
7612,0
7613,1
7614,3
7615,6
7616,2
7617,8
7618,1
7619,9
7620,5
7621,3
7622,9
7623,7
7624,7
7625,2
7626,9
7627,7
7628,5
7629,3
7630,5
7631,3
7632,5
7633,5
7634,8
7635,5
7636,3
7637,6
7638,7
7639,7
7640,0
7641,6
7642,4
7643,9
7644,4
7645,9
7646,4
7647,5
7648,2
7649,3
7650,3
7651,6
7652,9
7653,5
7654,0
7655,1
7656,3
7657,4
7658,6
7659,1
7660,9
7661,7
7662,8
7663,4
7664,9
7665,8
7666,6
7667,2
7668,4
7669,7
7670,4
7671,8
7672,2
7673,2
7674,8
7675,2
7676,5
7677,2
7678,0
7679,5
7680,2
7681,7
7682,0
7683,3
7684,0
7685,8
7686,9
7687,5
7688,7
7689,2
7690,9
7691,7
7692,4
7693,9
7694,1
7695,7
7696,5
7697,9
7698,5
7699,3
7700,8
7701,8
7702,6
7703,4
7704,1
7705,7
7706,2
7707,2
7708,1
7709,9
7710,9
7711,2
7712,1
7713,3
7714,8
7715,9
7716,9
7717,3
7718,7
7719,9
7720,2
7721,6
7722,9
7723,7
7724,8
7725,0
7726,5
7727,5
7728,7
7729,4
7730,7
7731,2
7732,2
7733,3
7734,1
7735,0
7736,9
7737,1
7738,4
7739,2
7740,4
7741,4
7742,4
7743,9
7744,3
7745,5
7746,9
7747,2
7748,2
7749,7
7750,3
7751,1
7752,9
7753,1
7754,4
7755,4
7756,1
7757,7
7758,2
7759,3
7760,1
7761,5
7762,2
7763,7
7764,3
7765,2
7766,9
7767,5
7768,8
7769,5
7770,9
7771,7
7772,5
7773,9
7774,0
7775,5
7776,1
7777,2
7778,1
7779,6
7780,5
7781,9
7782,1
7783,5
7784,4
7785,1
7786,3
7787,4
7788,5
7789,3
7790,2
7791,5
7792,6
7793,9
7794,0
7795,6
7796,2
7797,3
7798,2
7799,9
7800,0
7801,1
7802,5
7803,8
7804,3
7805,1
7806,0
7807,9
7808,3
7809,9
7810,1
7811,0
7812,4
7813,6
7814,4
7815,9
7816,3
7817,6
7818,4
7819,7
7820,4
7821,2
7822,7
7823,9
7824,8
7825,8
7826,7
7827,3
7828,7
7829,2
7830,7
7831,2
7832,2
7833,7
7834,7
7835,0
7836,8
7837,3
7838,5
7839,2
7840,7
7841,7
7842,9
7843,1
7844,4
7845,6
7846,8
7847,3
7848,9
7849,7
7850,0
7851,2
7852,5
7853,0
7854,2
7855,7
7856,4
7857,8
7858,8
7859,9
7860,8
7861,4
7862,5
7863,6
7864,0
7865,9
7866,0
7867,4
7868,4
7869,2
7870,1
7871,6
7872,9
7873,8
7874,1
7875,1
7876,8
7877,7
7878,0
7879,2
7880,7
7881,5
7882,2
7883,9
7884,9
7885,7
7886,3
7887,2
7888,9
7889,7
7890,5
7891,9
7892,2
7893,1
7894,9
7895,2
7896,9
7897,8
7898,7
7899,7
7900,6
7901,5
7902,2
7903,1
7904,2
7905,5
7906,7
7907,9
7908,5
7909,8
7910,3
7911,0
7912,5
7913,2
7914,3
7915,6
7916,3
7917,5
7918,8
7919,6
7920,0
7921,7
7922,4
7923,5
7924,4
7925,3
7926,0
7927,4
7928,7
7929,3
7930,1
7931,9
7932,4
7933,9
7934,3
7935,9
7936,5
7937,5
7938,9
7939,9
7940,9
7941,9
7942,9
7943,6
7944,9
7945,9
7946,9
7947,3
7948,6
7949,7
7950,7
7951,6
7952,9
7953,9
7954,9
7955,5
7956,2
7957,0
7958,0
7959,1
7960,2
7961,0
7962,0
7963,7
7964,5
7965,8
7966,5
7967,1
7968,6
7969,9
7970,3
7971,9
7972,5
7973,7
7974,0
7975,1
7976,9
7977,6
7978,9
7979,6
7980,5
7981,2
7982,9
7983,6
7984,1
7985,9
7986,2
7987,5
7988,9
7989,9
7990,8
7991,4
7992,7
7993,0
7994,6
7995,5
7996,1
7997,8
7998,7
7999,0
8000,4
8001,9
8002,9
8003,3
8004,4
8005,8
8006,2
8007,5
8008,2
8009,0
8010,4
8011,5
8012,7
8013,7
8014,6
8015,3
8016,0
8017,9
8018,6
8019,6
8020,9
8021,2
8022,7
8023,7
8024,3
8025,7
8026,6
8027,8
8028,1
8029,5
8030,4
8031,4
8032,2
8033,1
8034,2
8035,1
8036,7
8037,8
8038,4
8039,2
8040,4
8041,5
8042,4
8043,4
8044,3
8045,0
8046,0
8047,0
8048,7
8049,1
8050,0
8051,1
8052,5
8053,9
8054,1
8055,2
8056,0
8057,3
8058,7
8059,2
8060,9
8061,6
8062,5
8063,3
8064,8
8065,7
8066,9
8067,0
8068,3
8069,2
8070,2
8071,3
8072,5
8073,2
8074,8
8075,5
8076,2
8077,1
8078,1
8079,8
8080,7
8081,4
8082,3
8083,9
8084,9
8085,4
8086,7
8087,9
8088,6
8089,7
8090,0
8091,2
8092,1
8093,7
8094,1
8095,4
8096,5
8097,9
8098,9
8099,6
8100,9
8101,3
8102,7
8103,9
8104,2
8105,3
8106,4
8107,1
8108,0
8109,6
8110,8
8111,6
8112,9
8113,5
8114,5
8115,6
8116,0
8117,2
8118,0
8119,6
8120,7
8121,4
8122,0
8123,7
8124,4
8125,0
8126,7
8127,8
8128,1
8129,5
8130,8
8131,7
8132,2
8133,7
8134,0
8135,1
8136,5
8137,8
8138,9
8139,2
8140,8
8141,2
8142,5
8143,5
8144,9
8145,5
8146,6
8147,0
8148,8
8149,1
8150,5
8151,6
8152,1
8153,3
8154,4
8155,3
8156,9
8157,3
8158,4
8159,8
8160,0
8161,2
8162,9
8163,8
8164,9
8165,1
8166,0
8167,3
8168,8
8169,8
8170,0
8171,8
8172,7
8173,9
8174,7
8175,7
8176,9
8177,1
8178,0
8179,1
8180,9
8181,8
8182,4
8183,6
8184,3
8185,1
8186,1
8187,9
8188,3
8189,8
8190,1
8191,8
8192,2
8193,7
8194,8
8195,4
8196,4
8197,9
8198,8
8199,1
8200,6
8201,8
8202,2
8203,0
8204,7
8205,4
8206,9
8207,2
8208,9
8209,2
8210,9
8211,9
8212,0
8213,5
8214,7
8215,1
8216,8
8217,0
8218,5
8219,5
8220,0
8221,7
8222,9
8223,8
8224,4
8225,5
8226,3
8227,4
8228,4
8229,6
8230,4
8231,9
8232,6
8233,9
8234,2
8235,8
8236,8
8237,9
8238,4
8239,0
8240,4
8241,1
8242,0
8243,0
8244,6
8245,2
8246,8
8247,8
8248,5
8249,7
8250,7
8251,4
8252,7
8253,0
8254,3
8255,1
8256,0
8257,7
8258,7
8259,9
8260,6
8261,1
8262,9
8263,9
8264,6
8265,9
8266,4
8267,6
8268,0
8269,6
8270,8
8271,7
8272,9
8273,4
8274,4
8275,2
8276,4
8277,2
8278,6
8279,5
8280,6
8281,7
8282,7
8283,1
8284,7
8285,9
8286,7
8287,8
8288,9
8289,7
8290,9
8291,4
8292,3
8293,8
8294,7
8295,9
8296,7
8297,1
8298,2
8299,9
8300,3
8301,9
8302,3
8303,4
8304,1
8305,7
8306,4
8307,2
8308,9
8309,2
8310,9
8311,6
8312,5
8313,0
8314,7
8315,6
8316,8
8317,7
8318,1
8319,9
8320,5
8321,9
8322,3
8323,2
8324,6
8325,9
8326,2
8327,0
8328,9
8329,9
8330,6
8331,0
8332,4
8333,5
8334,7
8335,8
8336,4
8337,5
8338,3
8339,7
8340,9
8341,5
8342,9
8343,6
8344,9
8345,7
8346,4
8347,5
8348,6
8349,3
8350,6
8351,0
8352,2
8353,9
8354,1
8355,0
8356,1
8357,9
8358,4
8359,3
8360,5
8361,3
8362,0
8363,9
8364,7
8365,9
8366,3
8367,0
8368,1
8369,2
8370,9
8371,2
8372,5
8373,1
8374,3
8375,0
8376,2
8377,2
8378,2
8379,8
8380,5
8381,5
8382,8
8383,4
8384,5
8385,5
8386,0
8387,1
8388,9
8389,4
8390,7
8391,4
8392,5
8393,2
8394,4
8395,9
8396,7
8397,2
8398,5
8399,0
8400,0
8401,9
8402,6
8403,3
8404,5
8405,2
8406,4
8407,2
8408,5
8409,7
8410,9
8411,7
8412,9
8413,5
8414,1
8415,7
8416,8
8417,9
8418,8
8419,8
8420,7
8421,1
8422,8
8423,5
8424,4
8425,2
8426,9
8427,3
8428,7
8429,5
8430,8
8431,7
8432,3
8433,2
8434,0
8435,6
8436,6
8437,0
8438,8
8439,2
8440,7
8441,7
8442,4
8443,7
8444,9
8445,7
8446,6
8447,2
8448,4
8449,1
8450,4
8451,8
8452,0
8453,2
8454,8
8455,2
8456,7
8457,2
8458,3
8459,1
8460,7
8461,2
8462,5
8463,0
8464,5
8465,0
8466,8
8467,7
8468,7
8469,7
8470,9
8471,3
8472,1
8473,9
8474,9
8475,6
8476,9
8477,0
8478,2
8479,8
8480,0
8481,1
8482,1
8483,3
8484,8
8485,3
8486,7
8487,9
8488,6
8489,9
8490,2
8491,7
8492,9
8493,0
8494,2
8495,9
8496,4
8497,8
8498,1
8499,8
8500,7
8501,5
8502,3
8503,7
8504,8
8505,9
8506,4
8507,8
8508,4
8509,4
8510,9
8511,9
8512,2
8513,5
8514,7
8515,1
8516,0
8517,5
8518,2
8519,4
8520,7
8521,4
8522,2
8523,6
8524,5
8525,5
8526,7
8527,2
8528,2
8529,9
8530,9
8531,3
8532,8
8533,4
8534,1
8535,0
8536,7
8537,9
8538,3
8539,6
8540,5
8541,9
8542,9
8543,9
8544,2
8545,5
8546,7
8547,9
8548,8
8549,3
8550,0
8551,0
8552,1
8553,9
8554,9
8555,1
8556,6
8557,2
8558,4
8559,2
8560,9
8561,7
8562,7
8563,3
8564,4
8565,8
8566,2
8567,5
8568,7
8569,5
8570,3
8571,0
8572,9
8573,2
8574,6
8575,7
8576,4
8577,0
8578,9
8579,9
8580,7
8581,5
8582,3
8583,3
8584,1
8585,5
8586,3
8587,5
8588,1
8589,4
8590,6
8591,6
8592,6
8593,6
8594,9
8595,2
8596,1
8597,6
8598,9
8599,0
8600,5
8601,8
8602,1
8603,8
8604,8
8605,5
8606,9
8607,7
8608,2
8609,9
8610,2
8611,2
8612,2
8613,5
8614,6
8615,1
8616,8
8617,8
8618,9
8619,9
8620,2
8621,9
8622,1
8623,7
8624,9
8625,9
8626,2
8627,9
8628,9
8629,5
8630,9
8631,5
8632,2
8633,8
8634,2
8635,7
8636,8
8637,5
8638,0
8639,2
8640,1
8641,0
8642,8
8643,0
8644,4
8645,8
8646,5
8647,6
8648,9
8649,3
8650,2
8651,1
8652,0
8653,0
8654,5
8655,8
8656,3
8657,2
8658,3
8659,2
8660,9
8661,8
8662,0
8663,2
8664,4
8665,0
8666,4
8667,5
8668,9
8669,8
8670,8
8671,7
8672,1
8673,9
8674,3
8675,7
8676,3
8677,9
8678,5
8679,9
8680,9
8681,2
8682,7
8683,7
8684,9
8685,7
8686,2
8687,9
8688,8
8689,9
8690,3
8691,5
8692,6
8693,7
8694,7
8695,2
8696,7
8697,1
8698,1
8699,9
8700,9
8701,2
8702,7
8703,4
8704,3
8705,0
8706,9
8707,7
8708,5
8709,6
8710,8
8711,9
8712,2
8713,2
8714,4
8715,5
8716,6
8717,7
8718,6
8719,9
8720,2
8721,8
8722,6
8723,8
8724,7
8725,6
8726,9
8727,8
8728,7
8729,0
8730,7
8731,9
8732,9
8733,7
8734,2
8735,7
8736,9
8737,2
8738,5
8739,4
8740,3
8741,9
8742,7
8743,9
8744,2
8745,3
8746,2
8747,9
8748,5
8749,1
8750,2
8751,9
8752,7
8753,5
8754,7
8755,5
8756,1
8757,2
8758,5
8759,1
8760,5
8761,6
8762,6
8763,4
8764,9
8765,4
8766,2
8767,4
8768,4
8769,9
8770,3
8771,7
8772,3
8773,3
8774,9
8775,6
8776,6
8777,6
8778,9
8779,7
8780,9
8781,4
8782,3
8783,0
8784,4
8785,8
8786,9
8787,1
8788,3
8789,1
8790,5
8791,1
8792,9
8793,3
8794,3
8795,7
8796,2
8797,5
8798,3
8799,7
8800,6
8801,4
8802,2
8803,7
8804,2
8805,0
8806,4
8807,5
8808,3
8809,7
8810,1
8811,4
8812,3
8813,4
8814,9
8815,6
8816,8
8817,9
8818,7
8819,9
8820,9
8821,9
8822,7
8823,6
8824,0
8825,6
8826,5
8827,1
8828,2
8829,1
8830,8
8831,0
8832,8
8833,6
8834,8
8835,3
8836,4
8837,6
8838,6
8839,1
8840,9
8841,9
8842,6
8843,2
8844,5
8845,1
8846,1
8847,1
8848,2
8849,9
8850,9
8851,7
8852,9
8853,7
8854,1
8855,8
8856,2
8857,9
8858,4
8859,7
8860,2
8861,0
8862,3
8863,3
8864,7
8865,8
8866,9
8867,3
8868,2
8869,9
8870,2
8871,8
8872,7
8873,3
8874,2
8875,6
8876,1
8877,9
8878,9
8879,9
8880,1
8881,3
8882,6
8883,8
8884,2
8885,1
8886,8
8887,7
8888,2
8889,6
8890,0
8891,0
8892,0
8893,2
8894,6
8895,2
8896,0
8897,7
8898,9
8899,2
8900,9
8901,7
8902,8
8903,8
8904,0
8905,7
8906,4
8907,6
8908,4
8909,9
8910,6
8911,9
8912,6
8913,2
8914,8
8915,0
8916,2
8917,3
8918,1
8919,9
8920,9
8921,9
8922,0
8923,2
8924,5
8925,1
8926,3
8927,5
8928,8
8929,9
8930,8
8931,1
8932,4
8933,8
8934,9
8935,8
8936,2
8937,9
8938,1
8939,2
8940,9
8941,4
8942,5
8943,6
8944,9
8945,6
8946,4
8947,4
8948,1
8949,2
8950,4
8951,0
8952,1
8953,1
8954,5
8955,4
8956,7
8957,1
8958,0
8959,4
8960,2
8961,0
8962,6
8963,9
8964,2
8965,2
8966,2
8967,9
8968,2
8969,1
8970,2
8971,0
8972,9
8973,0
8974,1
8975,5
8976,7
8977,4
8978,8
8979,0
8980,4
8981,8
8982,1
8983,1
8984,5
8985,1
8986,3
8987,4
8988,9
8989,7
8990,2
8991,3
8992,2
8993,8
8994,9
8995,0
8996,5
8997,9
8998,8
8999,4
9000,1
9001,6
9002,5
9003,8
9004,0
9005,5
9006,7
9007,9
9008,5
9009,2
9010,4
9011,0
9012,5
9013,5
9014,0
9015,5
9016,5
9017,7
9018,8
9019,1
9020,5
9021,3
9022,1
9023,9
9024,9
9025,1
9026,9
9027,0
9028,7
9029,5
9030,8
9031,6
9032,6
9033,7
9034,9
9035,7
9036,7
9037,9
9038,3
9039,9
9040,5
9041,3
9042,5
9043,2
9044,7
9045,7
9046,8
9047,0
9048,2
9049,7
9050,0
9051,4
9052,9
9053,8
9054,6
9055,5
9056,1
9057,8
9058,0
9059,9
9060,6
9061,6
9062,2
9063,5
9064,1
9065,1
9066,0
9067,9
9068,0
9069,2
9070,1
9071,5
9072,1
9073,2
9074,8
9075,9
9076,9
9077,4
9078,1
9079,7
9080,9
9081,9
9082,5
9083,9
9084,0
9085,5
9086,8
9087,9
9088,8
9089,1
9090,3
9091,2
9092,2
9093,9
9094,9
9095,9
9096,1
9097,1
9098,9
9099,3
9100,5
9101,9
9102,9
9103,9
9104,5
9105,4
9106,7
9107,5
9108,2
9109,5
9110,1
9111,7
9112,3
9113,2
9114,6
9115,0
9116,4
9117,9
9118,2
9119,9
9120,4
9121,0
9122,7
9123,0
9124,2
9125,6
9126,9
9127,7
9128,9
9129,7
9130,6
9131,0
9132,0
9133,0
9134,5
9135,8
9136,5
9137,6
9138,2
9139,5
9140,4
9141,0
9142,0
9143,5
9144,5
9145,2
9146,9
9147,3
9148,9
9149,2
9150,1
9151,5
9152,1
9153,2
9154,7
9155,6
9156,6
9157,7
9158,1
9159,6
9160,9
9161,2
9162,1
9163,3
9164,6
9165,8
9166,9
9167,1
9168,3
9169,7
9170,7
9171,3
9172,5
9173,9
9174,3
9175,9
9176,1
9177,3
9178,6
9179,0
9180,9
9181,3
9182,1
9183,7
9184,4
9185,9
9186,4
9187,6
9188,9
9189,2
9190,9
9191,8
9192,9
9193,2
9194,6
9195,7
9196,7
9197,6
9198,0
9199,8
9200,6
9201,8
9202,2
9203,7
9204,1
9205,6
9206,4
9207,2
9208,2
9209,3
9210,0
9211,9
9212,3
9213,2
9214,7
9215,0
9216,5
9217,1
9218,3
9219,5
9220,2
9221,2
9222,9
9223,1
9224,3
9225,5
9226,8
9227,2
9228,4
9229,9
9230,7
9231,1
9232,2
9233,8
9234,5
9235,6
9236,5
9237,5
9238,8
9239,2
9240,4
9241,4
9242,5
9243,8
9244,1
9245,9
9246,6
9247,8
9248,5
9249,5
9250,9
9251,0
9252,5
9253,4
9254,4
9255,6
9256,9
9257,6
9258,6
9259,5
9260,1
9261,2
9262,2
9263,1
9264,4
9265,8
9266,1
9267,4
9268,0
9269,9
9270,5
9271,9
9272,9
9273,7
9274,4
9275,1
9276,2
9277,3
9278,3
9279,7
9280,2
9281,1
9282,4
9283,7
9284,1
9285,3
9286,6
9287,5
9288,8
9289,8
9290,6
9291,3
9292,9
9293,9
9294,8
9295,7
9296,3
9297,2
9298,0
9299,3
9300,1
9301,2
9302,6
9303,2
9304,3
9305,7
9306,6
9307,4
9308,9
9309,5
9310,8
9311,8
9312,9
9313,7
9314,5
9315,8
9316,8
9317,4
9318,1
9319,1
9320,7
9321,3
9322,9
9323,8
9324,0
9325,7
9326,0
9327,6
9328,1
9329,1
9330,0
9331,9
9332,7
9333,3
9334,9
9335,9
9336,4
9337,0
9338,6
9339,1
9340,2
9341,9
9342,1
9343,2
9344,7
9345,8
9346,0
9347,0
9348,7
9349,9
9350,9
9351,9
9352,0
9353,8
9354,0
9355,3
9356,7
9357,9
9358,0
9359,2
9360,4
9361,9
9362,7
9363,5
9364,7
9365,3
9366,7
9367,5
9368,2
9369,8
9370,9
9371,9
9372,4
9373,6
9374,7
9375,3
9376,2
9377,9
9378,2
9379,7
9380,6
9381,8
9382,9
9383,3
9384,1
9385,4
9386,8
9387,2
9388,9
9389,7
9390,2
9391,4
9392,9
9393,1
9394,1
9395,1
9396,1
9397,2
9398,5
9399,9
9400,1
9401,2
9402,0
9403,3
9404,0
9405,8
9406,4
9407,0
9408,8
9409,4
9410,9
9411,4
9412,0
9413,1
9414,7
9415,0
9416,9
9417,7
9418,0
9419,9
9420,5
9421,9
9422,7
9423,3
9424,2
9425,6
9426,2
9427,5
9428,1
9429,2
9430,0
9431,9
9432,3
9433,1
9434,9
9435,3
9436,9
9437,2
9438,5
9439,6
9440,9
9441,9
9442,4
9443,2
9444,2
9445,6
9446,9
9447,6
9448,9
9449,8
9450,0
9451,5
9452,8
9453,6
9454,7
9455,3
9456,9
9457,8
9458,5
9459,9
9460,8
9461,0
9462,1
9463,3
9464,7
9465,9
9466,2
9467,3
9468,4
9469,5
9470,9
9471,4
9472,4
9473,6
9474,5
9475,2
9476,9
9477,8
9478,6
9479,1
9480,9
9481,3
9482,9
9483,0
9484,7
9485,0
9486,3
9487,5
9488,8
9489,2
9490,4
9491,1
9492,4
9493,9
9494,8
9495,7
9496,5
9497,8
9498,9
9499,7
9500,4
9501,9
9502,6
9503,3
9504,4
9505,4
9506,2
9507,9
9508,3
9509,0
9510,9
9511,9
9512,7
9513,6
9514,6
9515,3
9516,9
9517,7
9518,5
9519,3
9520,2
9521,3
9522,5
9523,3
9524,4
9525,0
9526,3
9527,2
9528,6
9529,0
9530,9
9531,3
9532,1
9533,7
9534,3
9535,9
9536,4
9537,1
9538,6
9539,3
9540,3
9541,9
9542,1
9543,8
9544,2
9545,8
9546,1
9547,3
9548,9
9549,6
9550,5
9551,7
9552,3
9553,4
9554,9
9555,5
9556,5
9557,1
9558,3
9559,4
9560,7
9561,4
9562,8
9563,4
9564,5
9565,1
9566,0
9567,3
9568,0
9569,9
9570,1
9571,9
9572,8
9573,4
9574,6
9575,4
9576,8
9577,4
9578,7
9579,9
9580,2
9581,7
9582,5
9583,7
9584,9
9585,7
9586,4
9587,0
9588,5
9589,1
9590,5
9591,4
9592,7
9593,9
9594,1
9595,5
9596,3
9597,0
9598,4
9599,0
9600,1
9601,8
9602,5
9603,3
9604,8
9605,4
9606,2
9607,5
9608,0
9609,3
9610,0
9611,7
9612,1
9613,6
9614,9
9615,5
9616,4
9617,9
9618,9
9619,9
9620,3
9621,1
9622,2
9623,8
9624,1
9625,8
9626,9
9627,4
9628,9
9629,5
9630,0
9631,7
9632,9
9633,2
9634,6
9635,9
9636,7
9637,3
9638,7
9639,9
9640,5
9641,6
9642,9
9643,4
9644,0
9645,3
9646,6
9647,8
9648,5
9649,2
9650,1
9651,8
9652,7
9653,9
9654,3
9655,9
9656,8
9657,8
9658,9
9659,9
9660,7
9661,8
9662,2
9663,1
9664,4
9665,2
9666,2
9667,2
9668,8
9669,1
9670,6
9671,9
9672,2
9673,0
9674,0
9675,5
9676,3
9677,7
9678,1
9679,8
9680,4
9681,4
9682,7
9683,2
9684,8
9685,0
9686,0
9687,3
9688,4
9689,9
9690,7
9691,1
9692,7
9693,5
9694,0
9695,2
9696,2
9697,5
9698,2
9699,3
9700,5
9701,7
9702,9
9703,9
9704,9
9705,0
9706,9
9707,0
9708,0
9709,9
9710,5
9711,6
9712,9
9713,3
9714,0
9715,4
9716,9
9717,1
9718,4
9719,5
9720,3
9721,2
9722,4
9723,8
9724,3
9725,8
9726,2
9727,9
9728,9
9729,2
9730,4
9731,8
9732,7
9733,7
9734,0
9735,9
9736,0
9737,7
9738,1
9739,6
9740,1
9741,3
9742,6
9743,1
9744,1
9745,6
9746,9
9747,0
9748,3
9749,9
9750,9
9751,6
9752,5
9753,5
9754,9
9755,4
9756,6
9757,6
9758,5
9759,8
9760,9
9761,9
9762,9
9763,0
9764,7
9765,2
9766,1
9767,4
9768,9
9769,2
9770,6
9771,7
9772,8
9773,8
9774,9
9775,6
9776,2
9777,5
9778,2
9779,3
9780,8
9781,7
9782,5
9783,4
9784,5
9785,7
9786,3
9787,5
9788,9
9789,4
9790,0
9791,5
9792,2
9793,8
9794,1
9795,3
9796,9
9797,1
9798,1
9799,0
9800,1
9801,8
9802,6
9803,2
9804,5
9805,8
9806,6
9807,5
9808,1
9809,4
9810,5
9811,2
9812,0
9813,6
9814,6
9815,4
9816,7
9817,7
9818,2
9819,6
9820,8
9821,3
9822,1
9823,1
9824,8
9825,5
9826,2
9827,1
9828,0
9829,1
9830,0
9831,1
9832,1
9833,1
9834,9
9835,7
9836,6
9837,6
9838,4
9839,1
9840,2
9841,8
9842,9
9843,3
9844,7
9845,0
9846,7
9847,1
9848,9
9849,2
9850,7
9851,7
9852,7
9853,3
9854,5
9855,1
9856,3
9857,0
9858,5
9859,7
9860,1
9861,7
9862,4
9863,8
9864,4
9865,3
9866,7
9867,9
9868,9
9869,9
9870,9
9871,8
9872,3
9873,5
9874,4
9875,4
9876,7
9877,0
9878,5
9879,2
9880,5
9881,5
9882,6
9883,5
9884,1
9885,2
9886,6
9887,8
9888,5
9889,4
9890,4
9891,3
9892,8
9893,2
9894,8
9895,0
9896,4
9897,9
9898,8
9899,5
9900,3
9901,9
9902,0
9903,9
9904,4
9905,2
9906,6
9907,9
9908,8
9909,1
9910,5
9911,9
9912,8
9913,2
9914,7
9915,5
9916,7
9917,8
9918,9
9919,7
9920,6
9921,4
9922,4
9923,9
9924,9
9925,4
9926,9
9927,8
9928,1
9929,5
9930,1
9931,4
9932,2
9933,7
9934,8
9935,4
9936,5
9937,2
9938,7
9939,6
9940,9
9941,2
9942,8
9943,2
9944,6
9945,2
9946,7
9947,9
9948,0
9949,1
9950,4
9951,5
9952,3
9953,5
9954,6
9955,8
9956,1
9957,1
9958,9
9959,4
9960,5
9961,7
9962,5
9963,4
9964,6
9965,9
9966,9
9967,3
9968,2
9969,3
9970,3
9971,8
9972,8
9973,0
9974,4
9975,3
9976,3
9977,2
9978,5
9979,8
9980,1
9981,4
9982,0
9983,6
9984,2
9985,3
9986,3
9987,1
9988,7
9989,3
9990,7
9991,0
9992,0
9993,5
9994,4
9995,9
9996,5
9997,6
9998,1
9999,9
10000,8
10001,4
10002,8
10003,2
10004,4
10005,9
10006,9
10007,3
10008,1
10009,2
10010,0
10011,3
10012,1
10013,8
10014,2
10015,4
10016,8
10017,8
10018,2
10019,9
10020,9
10021,6
10022,6
10023,7
10024,7
10025,3
10026,3
10027,8
10028,3
10029,5
10030,1
10031,7
10032,8
10033,5
10034,3
10035,9
10036,8
10037,4
10038,8
10039,6
10040,4
10041,6
10042,7
10043,6
10044,1
10045,8
10046,7
10047,1
10048,1
10049,0
10050,8
10051,4
10052,9
10053,6
10054,1
10055,1
10056,7
10057,3
10058,9
10059,0
10060,9
10061,9
10062,4
10063,4
10064,6
10065,8
10066,2
10067,3
10068,3
10069,4
10070,8
10071,8
10072,8
10073,7
10074,2
10075,6
10076,5
10077,0
10078,7
10079,5
10080,5
10081,1
10082,4
10083,5
10084,5
10085,4
10086,1
10087,0
10088,9
10089,8
10090,7
10091,2
10092,2
10093,1
10094,3
10095,0
10096,0
10097,5
10098,2
10099,3
10100,3
10101,3
10102,1
10103,2
10104,3
10105,4
10106,5
10107,1
10108,2
10109,7
10110,1
10111,2
10112,6
10113,3
10114,1
10115,7
10116,9
10117,5
10118,1
10119,1
10120,8
10121,5
10122,9
10123,1
10124,5
10125,5
10126,9
10127,8
10128,2
10129,2
10130,4
10131,2
10132,4
10133,7
10134,3
10135,4
10136,8
10137,2
10138,8
10139,3
10140,5
10141,4
10142,5
10143,7
10144,5
10145,9
10146,5
10147,4
10148,6
10149,4
10150,4
10151,4
10152,5
10153,4
10154,1
10155,9
10156,8
10157,6
10158,4
10159,3
10160,9
10161,0
10162,7
10163,1
10164,4
10165,6
10166,5
10167,1
10168,5
10169,9
10170,4
10171,3
10172,1
10173,6
10174,9
10175,3
10176,5
10177,0
10178,3
10179,9
10180,9
10181,8
10182,2
10183,0
10184,5
10185,9
10186,2
10187,8
10188,5
10189,6
10190,0
10191,5
10192,9
10193,4
10194,7
10195,0
10196,1
10197,2
10198,5
10199,9
10200,9
10201,5
10202,7
10203,5
10204,6
10205,2
10206,0
10207,6
10208,2
10209,2
10210,3
10211,8
10212,2
10213,9
10214,4
10215,0
10216,4
10217,0
10218,3
10219,2
10220,9
10221,0
10222,8
10223,6
10224,6
10225,3
10226,4
10227,8
10228,3
10229,2
10230,4
10231,8
10232,8
10233,0
10234,8
10235,0
10236,3
10237,9
10238,9
10239,5
10240,6
10241,5
10242,3
10243,8
10244,8
10245,7
10246,3
10247,2
10248,9
10249,9
10250,8
10251,7
10252,9
10253,3
10254,0
10255,5
10256,3
10257,9
10258,2
10259,8
10260,9
10261,8
10262,4
10263,7
10264,1
10265,4
10266,5
10267,9
10268,8
10269,7
10270,6
10271,3
10272,8
10273,3
10274,3
10275,7
10276,8
10277,9
10278,2
10279,9
10280,4
10281,0
10282,9
10283,6
10284,5
10285,9
10286,2
10287,8
10288,1
10289,5
10290,7
10291,5
10292,6
10293,9
10294,1
10295,2
10296,2
10297,5
10298,4
10299,4
10300,2
10301,4
10302,3
10303,9
10304,2
10305,2
10306,1
10307,4
10308,4
10309,7
10310,5
10311,2
10312,4
10313,8
10314,6
10315,1
10316,9
10317,6
10318,4
10319,8
10320,9
10321,9
10322,3
10323,4
10324,9
10325,8
10326,4
10327,2
10328,0
10329,8
10330,2
10331,0
10332,8
10333,4
10334,0
10335,9
10336,2
10337,0
10338,9
10339,9
10340,7
10341,9
10342,4
10343,0
10344,9
10345,8
10346,1
10347,1
10348,7
10349,7
10350,7
10351,3
10352,2
10353,1
10354,9
10355,0
10356,1
10357,8
10358,3
10359,8
10360,7
10361,7
10362,5
10363,7
10364,3
10365,9
10366,3
10367,2
10368,1
10369,6
10370,1
10371,9
10372,0
10373,7
10374,4
10375,9
10376,4
10377,6
10378,3
10379,6
10380,7
10381,4
10382,4
10383,4
10384,3
10385,2
10386,0
10387,3
10388,4
10389,5
10390,5
10391,2
10392,0
10393,9
10394,6
10395,9
10396,8
10397,9
10398,0
10399,7
10400,6
10401,5
10402,7
10403,8
10404,0
10405,4
10406,4
10407,7
10408,4
10409,8
10410,6
10411,2
10412,8
10413,5
10414,0
10415,1
10416,1
10417,8
10418,3
10419,3
10420,7
10421,8
10422,8
10423,8
10424,7
10425,8
10426,3
10427,2
10428,6
10429,4
10430,5
10431,4
10432,0
10433,4
10434,1
10435,5
10436,0
10437,7
10438,9
10439,3
10440,5
10441,5
10442,7
10443,5
10444,7
10445,9
10446,2
10447,1
10448,9
10449,3
10450,3
10451,3
10452,5
10453,8
10454,2
10455,4
10456,7
10457,4
10458,2
10459,9
10460,6
10461,6
10462,5
10463,5
10464,5
10465,8
10466,7
10467,2
10468,3
10469,4
10470,6
10471,5
10472,3
10473,1
10474,7
10475,4
10476,7
10477,2
10478,6
10479,9
10480,5
10481,4
10482,8
10483,9
10484,9
10485,7
10486,6
10487,4
10488,8
10489,6
10490,6
10491,3
10492,7
10493,3
10494,8
10495,2
10496,7
10497,9
10498,9
10499,7
10500,1
10501,7
10502,4
10503,0
10504,2
10505,4
10506,6
10507,5
10508,3
10509,2
10510,1
10511,7
10512,4
10513,9
10514,0
10515,4
10516,9
10517,9
10518,4
10519,9
10520,7
10521,4
10522,4
10523,3
10524,3
10525,7
10526,5
10527,9
10528,0
10529,3
10530,3
10531,9
10532,9
10533,2
10534,5
10535,1
10536,6
10537,3
10538,0
10539,0
10540,3
10541,1
10542,4
10543,9
10544,4
10545,3
10546,8
10547,6
10548,4
10549,9
10550,2
10551,1
10552,1
10553,9
10554,1
10555,1
10556,6
10557,9
10558,0
10559,5
10560,2
10561,9
10562,5
10563,8
10564,1
10565,1
10566,9
10567,2
10568,9
10569,0
10570,6
10571,4
10572,8
10573,0
10574,3
10575,5
10576,8
10577,7
10578,1
10579,2
10580,0
10581,2
10582,4
10583,1
10584,3
10585,0
10586,3
10587,4
10588,6
10589,2
10590,9
10591,3
10592,6
10593,1
10594,9
10595,4
10596,0
10597,8
10598,9
10599,6
10600,5
10601,3
10602,7
10603,6
10604,0
10605,7
10606,1
10607,0
10608,5
10609,3
10610,2
10611,8
10612,3
10613,1
10614,0
10615,4
10616,4
10617,9
10618,6
10619,5
10620,4
10621,9
10622,1
10623,7
10624,8
10625,3
10626,9
10627,3
10628,3
10629,2
10630,5
10631,6
10632,8
10633,2
10634,2
10635,1
10636,9
10637,8
10638,4
10639,7
10640,4
10641,6
10642,0
10643,7
10644,9
10645,2
10646,9
10647,7
10648,1
10649,5
10650,0
10651,4
10652,7
10653,8
10654,7
10655,7
10656,8
10657,2
10658,3
10659,3
10660,2
10661,8
10662,5
10663,5
10664,3
10665,5
10666,5
10667,9
10668,3
10669,9
10670,9
10671,3
10672,9
10673,5
10674,3
10675,5
10676,6
10677,2
10678,1
10679,2
10680,8
10681,1
10682,8
10683,3
10684,3
10685,3
10686,7
10687,3
10688,0
10689,4
10690,7
10691,3
10692,4
10693,0
10694,1
10695,2
10696,6
10697,9
10698,4
10699,8
10700,9
10701,8
10702,1
10703,0
10704,6
10705,2
10706,5
10707,3
10708,9
10709,3
10710,0
10711,4
10712,3
10713,8
10714,3
10715,9
10716,2
10717,3
10718,9
10719,8
10720,4
10721,1
10722,4
10723,7
10724,1
10725,3
10726,5
10727,5
10728,4
10729,9
10730,3
10731,2
10732,9
10733,2
10734,1
10735,2
10736,2
10737,6
10738,2
10739,9
10740,0
10741,5
10742,9
10743,7
10744,4
10745,4
10746,0
10747,6
10748,9
10749,8
10750,2
10751,9
10752,4
10753,6
10754,7
10755,4
10756,3
10757,3
10758,3
10759,6
10760,4
10761,9
10762,8
10763,0
10764,9
10765,3
10766,0
10767,5
10768,0
10769,6
10770,3
10771,2
10772,8
10773,7
10774,9
10775,9
10776,5
10777,2
10778,8
10779,5
10780,5
10781,0
10782,3
10783,7
10784,7
10785,5
10786,0
10787,1
10788,6
10789,3
10790,5
10791,1
10792,9
10793,9
10794,1
10795,8
10796,0
10797,7
10798,9
10799,9
10800,5
10801,8
10802,9
10803,3
10804,2
10805,6
10806,9
10807,8
10808,0
10809,8
10810,4
10811,9
10812,1
10813,2
10814,4
10815,1
10816,2
10817,9
10818,2
10819,0
10820,2
10821,3
10822,2
10823,4
10824,0
10825,6
10826,3
10827,8
10828,1
10829,9
10830,0
10831,9
10832,1
10833,5
10834,4
10835,6
10836,9
10837,7
10838,6
10839,2
10840,1
10841,2
10842,7
10843,4
10844,8
10845,3
10846,8
10847,2
10848,1
10849,7
10850,8
10851,2
10852,9
10853,1
10854,5
10855,3
10856,0
10857,7
10858,8
10859,4
10860,7
10861,3
10862,6
10863,9
10864,9
10865,3
10866,6
10867,9
10868,4
10869,2
10870,9
10871,9
10872,0
10873,3
10874,2
10875,0
10876,8
10877,8
10878,1
10879,5
10880,4
10881,4
10882,1
10883,1
10884,8
10885,5
10886,8
10887,2
10888,3
10889,4
10890,4
10891,2
10892,3
10893,9
10894,0
10895,7
10896,0
10897,2
10898,8
10899,4
10900,7
10901,0
10902,9
10903,2
10904,6
10905,9
10906,7
10907,7
10908,1
10909,7
10910,5
10911,5
10912,8
10913,7
10914,5
10915,6
10916,1
10917,1
10918,9
10919,4
10920,3
10921,2
10922,1
10923,2
10924,7
10925,1
10926,1
10927,0
10928,3
10929,4
10930,9
10931,7
10932,7
10933,7
10934,9
10935,4
10936,9
10937,5
10938,9
10939,5
10940,8
10941,8
10942,7
10943,7
10944,0
10945,3
10946,4
10947,6
10948,1
10949,7
10950,7
10951,9
10952,8
10953,9
10954,7
10955,5
10956,5
10957,7
10958,8
10959,3
10960,1
10961,9
10962,9
10963,1
10964,4
10965,6
10966,7
10967,1
10968,9
10969,9
10970,0
10971,8
10972,7
10973,6
10974,0
10975,1
10976,9
10977,5
10978,5
10979,1
10980,3
10981,4
10982,7
10983,5
10984,8
10985,4
10986,9
10987,2
10988,8
10989,9
10990,2
10991,0
10992,4
10993,6
10994,3
10995,1
10996,4
10997,2
10998,9
10999,2
11000,5
11001,2
11002,1
11003,8
11004,0
11005,2
11006,9
11007,6
11008,5
11009,9
11010,1
11011,3
11012,4
11013,9
11014,6
11015,1
11016,5
11017,4
11018,8
11019,4
11020,7
11021,4
11022,3
11023,6
11024,2
11025,1
11026,2
11027,8
11028,9
11029,3
11030,0
11031,9
11032,3
11033,1
11034,4
11035,9
11036,2
11037,8
11038,5
11039,0
11040,3
11041,3
11042,2
11043,8
11044,1
11045,3
11046,2
11047,2
11048,3
11049,2
11050,7
11051,5
11052,2
11053,8
11054,9
11055,3
11056,2
11057,0
11058,5
11059,2
11060,3
11061,0
11062,3
11063,6
11064,4
11065,9
11066,9
11067,3
11068,2
11069,2
11070,7
11071,6
11072,1
11073,5
11074,9
11075,7
11076,7
11077,9
11078,9
11079,9
11080,8
11081,3
11082,9
11083,3
11084,2
11085,3
11086,0
11087,9
11088,9
11089,3
11090,5
11091,4
11092,0
11093,2
11094,1
11095,8
11096,7
11097,9
11098,6
11099,5
11100,7
11101,5
11102,7
11103,9
11104,1
11105,2
11106,5
11107,7
11108,5
11109,8
11110,7
11111,9
11112,8
11113,2
11114,3
11115,3
11116,7
11117,7
11118,4
11119,0
11120,2
11121,8
11122,9
11123,4
11124,0
11125,4
11126,6
11127,6
11128,7
11129,7
11130,5
11131,8
11132,5
11133,9
11134,2
11135,9
11136,0
11137,6
11138,5
11139,5
11140,3
11141,8
11142,0
11143,0
11144,6
11145,9
11146,5
11147,4
11148,2
11149,4
11150,2
11151,2
11152,8
11153,9
11154,3
11155,7
11156,4
11157,9
11158,8
11159,9
11160,0
11161,5
11162,7
11163,4
11164,1
11165,3
11166,0
11167,3
11168,7
11169,5
11170,5
11171,4
11172,7
11173,1
11174,3
11175,0
11176,6
11177,6
11178,2
11179,9
11180,9
11181,4
11182,0
11183,6
11184,9
11185,8
11186,2
11187,8
11188,7
11189,8
11190,7
11191,7
11192,2
11193,0
11194,7
11195,9
11196,8
11197,4
11198,0
11199,8
11200,5
11201,9
11202,3
11203,8
11204,0
11205,9
11206,8
11207,0
11208,6
11209,5
11210,3
11211,6
11212,2
11213,2
11214,7
11215,8
11216,4
11217,1
11218,1
11219,6
11220,3
11221,3
11222,9
11223,9
11224,5
11225,5
11226,4
11227,3
11228,1
11229,9
11230,9
11231,0
11232,8
11233,8
11234,8
11235,6
11236,1
11237,5
11238,7
11239,2
11240,2
11241,4
11242,1
11243,2
11244,3
11245,2
11246,0
11247,1
11248,3
11249,4
11250,6
11251,2
11252,5
11253,3
11254,5
11255,3
11256,1
11257,1
11258,1
11259,4
11260,3
11261,2
11262,8
11263,0
11264,6
11265,3
11266,1
11267,8
11268,1
11269,5
11270,2
11271,3
11272,5
11273,4
11274,0
11275,4
11276,0
11277,9
11278,9
11279,4
11280,7
11281,4
11282,9
11283,0
11284,5
11285,8
11286,5
11287,0
11288,7
11289,5
11290,6
11291,4
11292,2
11293,0
11294,9
11295,9
11296,8
11297,9
11298,4
11299,9
11300,1
11301,8
11302,0
11303,4
11304,5
11305,3
11306,3
11307,5
11308,1
11309,0
11310,4
11311,7
11312,3
11313,7
11314,9
11315,8
11316,2
11317,3
11318,1
11319,4
11320,8
11321,9
11322,1
11323,3
11324,7
11325,7
11326,0
11327,9
11328,5
11329,4
11330,4
11331,7
11332,3
11333,1
11334,3
11335,9
11336,5
11337,4
11338,7
11339,1
11340,3
11341,5
11342,5
11343,5
11344,3
11345,0
11346,5
11347,7
11348,9
11349,0
11350,2
11351,7
11352,0
11353,0
11354,5
11355,8
11356,9
11357,4
11358,8
11359,9
11360,9
11361,6
11362,6
11363,5
11364,4
11365,0
11366,6
11367,8
11368,1
11369,9
11370,6
11371,7
11372,5
11373,2
11374,9
11375,2
11376,4
11377,7
11378,9
11379,2
11380,0
11381,9
11382,2
11383,8
11384,5
11385,5
11386,6
11387,7
11388,7
11389,4
11390,9
11391,0
11392,7
11393,9
11394,8
11395,9
11396,2
11397,2
11398,2
11399,1
11400,4
11401,4
11402,1
11403,3
11404,7
11405,0
11406,0
11407,8
11408,2
11409,2
11410,4
11411,3
11412,6
11413,9
11414,1
11415,0
11416,6
11417,0
11418,3
11419,6
11420,0
11421,7
11422,4
11423,8
11424,6
11425,2
11426,1
11427,3
11428,4
11429,9
11430,4
11431,7
11432,2
11433,9
11434,9
11435,0
11436,1
11437,6
11438,4
11439,5
11440,5
11441,9
11442,6
11443,9
11444,7
11445,1
11446,4
11447,7
11448,4
11449,0
11450,8
11451,5
11452,3
11453,3
11454,4
11455,4
11456,4
11457,1
11458,3
11459,2
11460,7
11461,4
11462,1
11463,4
11464,2
11465,0
11466,8
11467,9
11468,9
11469,0
11470,3
11471,7
11472,4
11473,8
11474,5
11475,9
11476,5
11477,3
11478,5
11479,3
11480,2
11481,4
11482,4
11483,7
11484,2
11485,8
11486,9
11487,9
11488,3
11489,6
11490,1
11491,6
11492,5
11493,4
11494,6
11495,3
11496,8
11497,3
11498,6
11499,0
11500,8
11501,3
11502,3
11503,2
11504,5
11505,1
11506,1
11507,7
11508,9
11509,0
11510,7
11511,0
11512,5
11513,2
11514,8
11515,3
11516,8
11517,3
11518,6
11519,0
11520,8
11521,6
11522,9
11523,9
11524,7
11525,4
11526,0
11527,1
11528,7
11529,7
11530,1
11531,5
11532,4
11533,5
11534,4
11535,0
11536,0
11537,6
11538,7
11539,5
11540,3
11541,2
11542,6
11543,3
11544,5
11545,6
11546,9
11547,5
11548,2
11549,7
11550,3
11551,6
11552,9
11553,5
11554,5
11555,4
11556,3
11557,1
11558,4
11559,4
11560,4
11561,3
11562,3
11563,0
11564,0
11565,9
11566,3
11567,2
11568,9
11569,9
11570,6
11571,4
11572,9
11573,3
11574,2
11575,9
11576,4
11577,9
11578,9
11579,2
11580,9
11581,9
11582,2
11583,3
11584,7
11585,1
11586,3
11587,6
11588,7
11589,8
11590,5
11591,9
11592,8
11593,9
11594,9
11595,1
11596,1
11597,1
11598,8
11599,5
11600,6
11601,4
11602,5
11603,9
11604,4
11605,2
11606,7
11607,7
11608,1
11609,9
11610,2
11611,3
11612,9
11613,2
11614,5
11615,8
11616,2
11617,5
11618,4
11619,0
11620,9
11621,4
11622,4
11623,0
11624,3
11625,8
11626,5
11627,2
11628,6
11629,6
11630,9
11631,4
11632,3
11633,3
11634,2
11635,3
11636,9
11637,4
11638,0
11639,0
11640,2
11641,3
11642,9
11643,1
11644,2
11645,6
11646,2
11647,8
11648,0
11649,1
11650,7
11651,9
11652,3
11653,5
11654,9
11655,0
11656,4
11657,9
11658,2
11659,0
11660,5
11661,8
11662,6
11663,6
11664,2
11665,2
11666,9
11667,8
11668,1
11669,4
11670,7
11671,3
11672,3
11673,3
11674,8
11675,0
11676,6
11677,1
11678,9
11679,6
11680,8
11681,4
11682,4
11683,0
11684,3
11685,8
11686,9
11687,9
11688,5
11689,6
11690,3
11691,7
11692,6
11693,4
11694,9
11695,7
11696,0
11697,8
11698,2
11699,8
11700,4
11701,9
11702,5
11703,8
11704,7
11705,2
11706,2
11707,7
11708,4
11709,6
11710,0
11711,3
11712,3
11713,2
11714,7
11715,5
11716,6
11717,1
11718,7
11719,3
11720,8
11721,5
11722,6
11723,5
11724,7
11725,0
11726,4
11727,6
11728,7
11729,3
11730,2
11731,9
11732,3
11733,0
11734,2
11735,5
11736,2
11737,3
11738,2
11739,3
11740,0
11741,9
11742,0
11743,7
11744,5
11745,4
11746,1
11747,9
11748,2
11749,8
11750,5
11751,6
11752,4
11753,7
11754,7
11755,6
11756,2
11757,9
11758,8
11759,6
11760,8
11761,3
11762,6
11763,5
11764,4
11765,4
11766,9
11767,5
11768,8
11769,5
11770,8
11771,1
11772,2
11773,0
11774,6
11775,2
11776,1
11777,8
11778,0
11779,8
11780,6
11781,7
11782,2
11783,8
11784,2
11785,3
11786,1
11787,5
11788,9
11789,9
11790,5
11791,8
11792,7
11793,4
11794,8
11795,2
11796,9
11797,6
11798,3
11799,9
11800,4
11801,2
11802,2
11803,9
11804,1
11805,9
11806,3
11807,4
11808,3
11809,4
11810,7
11811,9
11812,5
11813,4
11814,0
11815,3
11816,6
11817,8
11818,3
11819,0
11820,9
11821,5
11822,0
11823,4
11824,2
11825,0
11826,5
11827,8
11828,9
11829,3
11830,3
11831,2
11832,5
11833,2
11834,8
11835,8
11836,4
11837,9
11838,7
11839,9
11840,8
11841,9
11842,7
11843,3
11844,1
11845,3
11846,5
11847,6
11848,9
11849,3
11850,1
11851,9
11852,7
11853,8
11854,3
11855,5
11856,1
11857,4
11858,5
11859,0
11860,5
11861,3
11862,6
11863,3
11864,1
11865,1
11866,2
11867,4
11868,3
11869,0
11870,6
11871,3
11872,8
11873,5
11874,6
11875,4
11876,8
11877,5
11878,1
11879,4
11880,1
11881,9
11882,9
11883,6
11884,5
11885,1
11886,9
11887,3
11888,8
11889,9
11890,2
11891,3
11892,6
11893,2
11894,1
11895,6
11896,6
11897,5
11898,5
11899,1
11900,1
11901,4
11902,6
11903,2
11904,0
11905,9
11906,9
11907,0
11908,2
11909,0
11910,7
11911,4
11912,7
11913,2
11914,1
11915,6
11916,9
11917,8
11918,4
11919,5
11920,5
11921,2
11922,3
11923,2
11924,8
11925,7
11926,7
11927,5
11928,0
11929,6
11930,2
11931,5
11932,2
11933,6
11934,5
11935,5
11936,9
11937,4
11938,8
11939,9
11940,4
11941,6
11942,9
11943,2
11944,6
11945,0
11946,4
11947,7
11948,5
11949,8
11950,9
11951,8
